"final_ID","Sample","Subplot","Species","girdled","LMA_gm2","Year","Filename_2018"
"1WA1",1,"D01W","acru","N",72.35566793,2018,"D01W_acru_can01_07232018"
"1WA1",2,"D01W","acru","N",62.03898841,2018,"D01W_acru_can02_07232018"
"1WA1",3,"D01W","acru","N",68.75684128,2018,"D01W_acru_can03_07232018"
"1WA2",1,"D01W","acru","N",80.42543021,2018,"D01W_acru_can04_07232018"
"1WA2",2,"D01W","acru","N",71.4057872,2018,"D01W_acru_can05_07232018"
"1WA2",3,"D01W","acru","N",74.19175028,2018,"D01W_acru_can06_07232018"
"1WA3",1,"D01W","acru","N",75.66649242,2018,"D01W_acru_can07_07232018"
"1WA3",2,"D01W","acru","N",68.48077814,2018,"D01W_acru_can08_07232018"
"1WA3",3,"D01W","acru","N",76.16295868,2018,"D01W_acru_can09_07232018"
"1WP1",1,"D01W","pogr","N",60.20685901,2018,"D01W_pogr_can01_07232018"
"1WP1",2,"D01W","pogr","N",69.14978149,2018,"D01W_pogr_can02_07232018"
"1WP1",3,"D01W","pogr","N",66.70382757,2018,"D01W_pogr_can03_07232018"
"1WP2",1,"D01W","pogr","N",67.68025801,2018,"D01W_pogr_can04_07232018"
"1WP2",2,"D01W","pogr","N",75.73818898,2018,"D01W_pogr_can05_07232018"
"1WP2",3,"D01W","pogr","N",61.28156394,2018,"D01W_pogr_can06_07232018"
"1WP3",1,"D01W","pogr","N",70.51539491,2018,"D01W_pogr_can07_07232018"
"1WP3",2,"D01W","pogr","N",73.76919005,2018,"D01W_pogr_can08_07232018"
"1WP3",3,"D01W","pogr","N",70.16850974,2018,"D01W_pogr_can09_07232018"
"1WQ1",1,"D01W","quru","N",99.80700303,2018,"D01W_quru_can01_07232018"
"1WQ1",2,"D01W","quru","N",103.2184857,2018,"D01W_quru_can02_07232018"
"1WQ1",3,"D01W","quru","N",98.61492046,2018,"D01W_quru_can03_07232018"
"1WQ2",1,"D01W","quru","N",107.2194545,2018,"D01W_quru_can04_07232018"
"1WQ2",2,"D01W","quru","N",85.54595444,2018,"D01W_quru_can05_07232018"
"1WQ2",3,"D01W","quru","N",99.53693655,2018,"D01W_quru_can06_07232018"
"1WQ3",1,"D01W","quru","N",106.1484763,2018,"D01W_quru_can07_07232018"
"1WQ3",2,"D01W","quru","N",88.80184712,2018,"D01W_quru_can08_07232018"
"1WQ3",3,"D01W","quru","N",75.09679031,2018,"D01W_quru_can09_07232018"
"1EA1",1,"D01E","acru","N",68.33602585,2018,"D01E_acru_can01_07222018"
"1EA1",2,"D01E","acru","N",60.60981098,2018,"D01E_acru_can02_07222018"
"1EA1",3,"D01E","acru","N",55.62094462,2018,"D01E_acru_can03_07222018"
"1EA2",1,"D01E","acru","N",80.98790323,2018,"D01E_acru_can04_07222018"
"1EA2",2,"D01E","acru","N",78.33050231,2018,"D01E_acru_can05_07222018"
"1EA2",3,"D01E","acru","N",80.34673867,2018,"D01E_acru_can06_07222018"
"1EA3",1,"D01E","acru","N",70.5516143,2018,"D01E_acru_can07_07222018"
"1EA3",2,"D01E","acru","N",72.84461763,2018,"D01E_acru_can08_07222018"
"1EA3",3,"D01E","acru","N",87.77668952,2018,"D01E_acru_can09_07222018"
"1EP1",1,"D01E","pogr","N",84.27219468,2018,"D01E_pogr_can01_07222018"
"1EP1",2,"D01E","pogr","N",89.8458445,2018,"D01E_pogr_can02_07222018"
"1EP1",3,"D01E","pogr","N",76.42322097,2018,"D01E_pogr_can03_07222018"
"1EP2",1,"D01E","pogr","N",76.88290821,2018,"D01E_pogr_can04_07222018"
"1EP2",2,"D01E","pogr","N",76.34683445,2018,"D01E_pogr_can05_07222018"
"1EP2",3,"D01E","pogr","N",63.35912608,2018,"D01E_pogr_can06_07222018"
"1EP3",1,"D01E","pogr","N",69.43127962,2018,"D01E_pogr_can07_07222018"
"1EP3",2,"D01E","pogr","N",77.53852649,2018,"D01E_pogr_can08_07222018"
"1EP3",3,"D01E","pogr","N",82.93800539,2018,"D01E_pogr_can09_07222018"
"1EQ1",1,"D01E","quru","N",95.4764454,2018,"D01E_quru_can01_07222018"
"1EQ1",2,"D01E","quru","N",87.57957278,2018,"D01E_quru_can02_07222018"
"1EQ1",3,"D01E","quru","N",77.60431058,2018,"D01E_quru_can03_07222018"
"1EQ2",1,"D01E","quru","N",82.97999047,2018,"D01E_quru_can04_07222018"
"1EQ2",2,"D01E","quru","N",86.32253634,2018,"D01E_quru_can05_07222018"
"1EQ2",3,"D01E","quru","N",75.35973597,2018,"D01E_quru_can06_07222018"
"1EQ3",1,"D01E","quru","N",81.86297513,2018,"D01E_quru_can07_07222018"
"1EQ3",2,"D01E","quru","N",90.30234953,2018,"D01E_quru_can08_07222018"
"1EQ3",3,"D01E","quru","N",87.4896241,2018,"D01E_quru_can09_07222018"
"2WA1",1,"D02W","acru","N",54.15409374,2018,"D02W_acru_can01_07182018"
"2WA1",2,"D02W","acru","N",67.59148529,2018,"D02W_acru_can02_07182018"
"2WA1",3,"D02W","acru","N",53.50528349,2018,"D02W_acru_can03_07182018"
"2WA1",4,"D02W","acru","N",58.21983274,2018,"D02W_acru_can04_07182018"
"2WA1",5,"D02W","acru","N",64.71740347,2018,"D02W_acru_can05_07182018"
"2WA2",1,"D02W","acru","N",55.8690523,2018,"D02W_acru_can06_07182018"
"2WA2",2,"D02W","acru","N",56.45003266,2018,"D02W_acru_can07_07182018"
"2WA2",3,"D02W","acru","N",61.30898572,2018,"D02W_acru_can08_07182018"
"2WA2",5,"D02W","acru","N",60.74311339,2018,"D02W_acru_can10_07182018"
"2WA3",1,"D02W","acru","N",63.59758551,2018,"D02W_acru_can11_07182018"
"2WA3",2,"D02W","acru","N",66.56486095,2018,"D02W_acru_can12_07182018"
"2WA3",3,"D02W","acru","N",69.3458661,2018,"D02W_acru_can13_07182018"
"2WA3",4,"D02W","acru","N",64.07231208,2018,"D02W_acru_can14_07182018"
"2WA3",5,"D02W","acru","N",72.23551058,2018,"D02W_acru_can15_07182018"
"2WP1",1,"D02W","pogr","N",78.56420627,2018,"D02W_pogr_can01_07172018"
"2WP1",2,"D02W","pogr","N",84.60606061,2018,"D02W_pogr_can02_07172018"
"2WP1",3,"D02W","pogr","N",80.69972196,2018,"D02W_pogr_can03_07172018"
"2WP1",4,"D02W","pogr","N",77.68995411,2018,"D02W_pogr_can04_07172018"
"2WP1",5,"D02W","pogr","N",87.75458889,2018,"D02W_pogr_can05_07172018"
"2WP2",1,"D02W","pogr","N",86.39407323,2018,"D02W_pogr_can06_07182018"
"2WP2",2,"D02W","pogr","N",83.75216638,2018,"D02W_pogr_can07_07182018"
"2WP2",3,"D02W","pogr","N",83.27659574,2018,"D02W_pogr_can08_07182018"
"2WP2",4,"D02W","pogr","N",89.84040483,2018,"D02W_pogr_can09_07182018"
"2WP2",5,"D02W","pogr","N",88.49111004,2018,"D02W_pogr_can10_07182018"
"2WP3",1,"D02W","pogr","Y",79.11688312,2018,"D02W_pogr_can11_07182018"
"2WP3",2,"D02W","pogr","Y",79.25378515,2018,"D02W_pogr_can12_07182018"
"2WP3",3,"D02W","pogr","Y",83.70430544,2018,"D02W_pogr_can13_07182018"
"2WP3",4,"D02W","pogr","Y",74.24711053,2018,"D02W_pogr_can14_07182018"
"2WP3",5,"D02W","pogr","Y",75.854404,2018,"D02W_pogr_can15_07182018"
"2WQ1",1,"D02W","quru","N",112.5898204,2018,"D02W_quru_can01_07172018"
"2WQ1",2,"D02W","quru","N",81.55014519,2018,"D02W_quru_can02_07172018"
"2WQ1",3,"D02W","quru","N",128.5122195,2018,"D02W_quru_can03_07172018"
"2WQ1",4,"D02W","quru","N",91.85271576,2018,"D02W_quru_can04_07172018"
"2WQ1",5,"D02W","quru","N",105.0024847,2018,"D02W_quru_can05_07172018"
"2WQ2",1,"D02W","quru","N",99.1382282,2018,"D02W_quru_can06_07172018"
"2WQ2",2,"D02W","quru","N",72.10378682,2018,"D02W_quru_can07_07172018"
"2WQ2",3,"D02W","quru","N",79.98885173,2018,"D02W_quru_can08_07172018"
"2WQ2",4,"D02W","quru","N",105.712637,2018,"D02W_quru_can09_07172018"
"2WQ2",5,"D02W","quru","N",110.9069048,2018,"D02W_quru_can10_07172018"
"2WQ3",1,"D02W","quru","N",72.51892777,2018,"D02W_quru_can11_07182018"
"2WQ3",2,"D02W","quru","N",82.79315884,2018,"D02W_quru_can12_07182018"
"2WQ3",3,"D02W","quru","N",61.41168447,2018,"D02W_quru_can13_07182018"
"2WQ3",4,"D02W","quru","N",80.79914595,2018,"D02W_quru_can14_07182018"
"2WQ3",5,"D02W","quru","N",64.05419567,2018,"D02W_quru_can15_07182018"
"2EA1",1,"D02E","acru","N",76.5942029,2018,"D02E_acru_can01_07182018"
"2EA1",2,"D02E","acru","N",68.72611465,2018,"D02E_acru_can02_07182018"
"2EA1",3,"D02E","acru","N",49.13940349,2018,"D02E_acru_can03_07182018"
"2EA1",4,"D02E","acru","N",56.85221168,2018,"D02E_acru_can04_07182018"
"2EA1",5,"D02E","acru","N",64.4996121,2018,"D02E_acru_can05_07182018"
"2EA2",1,"D02E","acru","N",63.47812926,2018,"D02E_acru_can06_07192018"
"2EA2",2,"D02E","acru","N",62.90885303,2018,"D02E_acru_can07_07192018"
"2EA2",3,"D02E","acru","N",69.36600374,2018,"D02E_acru_can08_07192018"
"2EA3",1,"D02E","acru","N",54.57487168,2018,"D02E_acru_can09_07192018"
"2EA3",2,"D02E","acru","N",55.76013934,2018,"D02E_acru_can10_07192018"
"2EA3",3,"D02E","acru","N",46.91358025,2018,"D02E_acru_can11_07192018"
"2EP1",1,"D02E","pogr","N",73.30258775,2018,"D02E_pogr_can01_07182018"
"2EP1",2,"D02E","pogr","N",71.52812344,2018,"D02E_pogr_can02_07182018"
"2EP1",3,"D02E","pogr","N",77.13779353,2018,"D02E_pogr_can03_07182018"
"2EP1",4,"D02E","pogr","N",79.23606485,2018,"D02E_pogr_can04_07182018"
"2EP1",5,"D02E","pogr","N",76.44132941,2018,"D02E_pogr_can05_07182018"
"2EP2",1,"D02E","pogr","N",73.23801853,2018,"D02E_pogr_can06_07192018"
"2EP2",2,"D02E","pogr","N",73.01959114,2018,"D02E_pogr_can07_07192018"
"2EP2",3,"D02E","pogr","N",77.10138648,2018,"D02E_pogr_can08_07192018"
"2EP3",1,"D02E","pogr","N",78.41293719,2018,"D02E_pogr_can09_07192018"
"2EP3",2,"D02E","pogr","N",82.68936913,2018,"D02E_pogr_can10_07192018"
"2EP3",3,"D02E","pogr","N",83.05898491,2018,"D02E_pogr_can11_07192018"
"2EQ1",1,"D02E","quru","N",53.75765448,2018,"D02E_quru_can01_07182018"
"2EQ1",2,"D02E","quru","N",61.91120403,2018,"D02E_quru_can02_07182018"
"2EQ1",3,"D02E","quru","N",60.88074362,2018,"D02E_quru_can03_07182018"
"2EQ1",4,"D02E","quru","N",66.24192704,2018,"D02E_quru_can04_07182018"
"2EQ1",5,"D02E","quru","N",63.29157968,2018,"D02E_quru_can05_07182018"
"2EQ2",1,"D02E","quru","N",78.34974315,2018,"D02E_quru_can06_07182018"
"2EQ2",2,"D02E","quru","N",75.38353643,2018,"D02E_quru_can07_07182018"
"2EQ2",3,"D02E","quru","N",83.82526564,2018,"D02E_quru_can08_07182018"
"2EQ2",4,"D02E","quru","N",73.89057332,2018,"D02E_quru_can09_07182018"
"2EQ2",5,"D02E","quru","N",86.4912847,2018,"D02E_quru_can10_07182018"
"2EQ3",1,"D02E","quru","N",59.76046041,2018,"D02E_quru_can11_07192018"
"2EQ3",2,"D02E","quru","N",83.89663981,2018,"D02E_quru_can12_07192018"
"2EQ3",3,"D02E","quru","N",57.22341046,2018,"D02E_quru_can13_07192018"
"3WA1",1,"D03W","acru","N",72.99010905,2018,"D03W_acru_can01_07222018"
"3WA1",2,"D03W","acru","N",66.55416807,2018,"D03W_acru_can02_07222018"
"3WA1",3,"D03W","acru","N",57.94753086,2018,"D03W_acru_can03_07222018"
"3WA2",1,"D03W","acru","N",52.11316198,2018,"D03W_acru_can04_07222018"
"3WA2",2,"D03W","acru","N",64.9594253,2018,"D03W_acru_can05_07222018"
"3WA2",3,"D03W","acru","N",64.02846975,2018,"D03W_acru_can06_07222018"
"3WA3",1,"D03W","acru","N",80.38191317,2018,"D03W_acru_can07_07222018"
"3WA3",2,"D03W","acru","N",79.46887967,2018,"D03W_acru_can08_07222018"
"3WA3",3,"D03W","acru","N",73.35755374,2018,"D03W_acru_can09_07222018"
"3WP1",1,"D03W","pogr","N",82.18154651,2018,"D03W_pogr_can01_07222018"
"3WP1",2,"D03W","pogr","N",81.29322268,2018,"D03W_pogr_can02_07222018"
"3WP1",3,"D03W","pogr","N",80.50741469,2018,"D03W_pogr_can03_07222018"
"3WP2",1,"D03W","pogr","N",82.58792879,2018,"D03W_pogr_can04_07222018"
"3WP2",3,"D03W","pogr","N",79.8404641,2018,"D03W_pogr_can06_07222018"
"3WP3",1,"D03W","pogr","N",78.51705667,2018,"D03W_pogr_can07_07222018"
"3WP3",2,"D03W","pogr","N",86.15779645,2018,"D03W_pogr_can08_07222018"
"3WP3",3,"D03W","pogr","N",99.91130034,2018,"D03W_pogr_can09_07222018"
"3WP2",2,"D03W","pogr","N",69.23249049,2018,"D03W_pogr_can10_07222018"
"3WQ1",1,"D03W","quru","N",89.61832061,2018,"D03W_quru_can01_07222018"
"3WQ1",2,"D03W","quru","N",90.42942743,2018,"D03W_quru_can02_07222018"
"3WQ1",3,"D03W","quru","N",79.05907037,2018,"D03W_quru_can03_07222018"
"3WQ2",1,"D03W","quru","N",111.7413772,2018,"D03W_quru_can04_07222018"
"3WQ2",2,"D03W","quru","N",101.3002249,2018,"D03W_quru_can05_07222018"
"3WQ2",3,"D03W","quru","N",112.6445192,2018,"D03W_quru_can06_07222018"
"3WQ3",1,"D03W","quru","N",94.4,2018,"D03W_quru_can07_07222018"
"3WQ3",2,"D03W","quru","N",108.908686,2018,"D03W_quru_can08_07222018"
"3WQ3",3,"D03W","quru","N",75.33536242,2018,"D03W_quru_can09_07222018"
"3EA1",1,"D03E","acru","N",64.6641438,2018,"D03E_acru_can01_07202018"
"3EA1",2,"D03E","acru","N",81.7085685,2018,"D03E_acru_can02_07202018"
"3EA1",3,"D03E","acru","N",73.44007182,2018,"D03E_acru_can03_07202018"
"3EA2",1,"D03E","acru","N",67.57327081,2018,"D03E_acru_can04_07202018"
"3EA2",2,"D03E","acru","N",52.69230769,2018,"D03E_acru_can05_07202018"
"3EA2",3,"D03E","acru","N",63.38912134,2018,"D03E_acru_can06_07202018"
"3EA3",1,"D03E","acru","N",92.15725404,2018,"D03E_acru_can07_07202018"
"3EA3",2,"D03E","acru","N",104.3691899,2018,"D03E_acru_can08_07202018"
"3EA3",3,"D03E","acru","N",88.08748255,2018,"D03E_acru_can09_07202018"
"3EP1",1,"D03E","pogr","N",93.96436526,2018,"D03E_pogr_can01_07202018"
"3EP1",2,"D03E","pogr","N",85.39290736,2018,"D03E_pogr_can02_07202018"
"3EP1",3,"D03E","pogr","N",86.82117701,2018,"D03E_pogr_can03_07202018"
"3EP2",1,"D03E","pogr","N",86.66507634,2018,"D03E_pogr_can04_07202018"
"3EP2",2,"D03E","pogr","N",83.22994652,2018,"D03E_pogr_can05_07202018"
"3EP2",3,"D03E","pogr","N",92.87185826,2018,"D03E_pogr_can06_07202018"
"3EP3",1,"D03E","pogr","N",74.25025853,2018,"D03E_pogr_can07_07202018"
"3EP3",2,"D03E","pogr","N",79.59093908,2018,"D03E_pogr_can08_07202018"
"3EP3",3,"D03E","pogr","N",86.58887468,2018,"D03E_pogr_can09_07202018"
"3EQ1",1,"D03E","quru","N",69.22560054,2018,"D03E_quru_can01_07202018"
"3EQ1",2,"D03E","quru","N",85.93949723,2018,"D03E_quru_can02_07202018"
"3EQ1",3,"D03E","quru","N",89.70698723,2018,"D03E_quru_can03_07202018"
"3EQ2",1,"D03E","quru","N",92.9728246,2018,"D03E_quru_can04_07202018"
"3EQ2",2,"D03E","quru","N",119.3054738,2018,"D03E_quru_can05_07202018"
"3EQ2",3,"D03E","quru","N",84.52509283,2018,"D03E_quru_can06_07202018"
"3EQ3",1,"D03E","quru","N",95.25018129,2018,"D03E_quru_can07_07202018"
"3EQ3",2,"D03E","quru","N",84.67007109,2018,"D03E_quru_can09_07202018"
"4WA1",1,"D04W","acru","N",86.88772702,2018,"D04W_acru_can01_07202018"
"4WA1",2,"D04W","acru","N",74.8692195,2018,"D04W_acru_can02_07202018"
"4WA1",3,"D04W","acru","N",83.56184799,2018,"D04W_acru_can03_07202018"
"4WA2",1,"D04W","acru","N",77.01008114,2018,"D04W_acru_can04_07202018"
"4WA2",2,"D04W","acru","N",66.45948435,2018,"D04W_acru_can05_07202018"
"4WA2",3,"D04W","acru","N",80.11310085,2018,"D04W_acru_can06_07202018"
"4WA3",1,"D04W","acru","N",57.12654615,2018,"D04W_acru_can07_07202018"
"4WA3",2,"D04W","acru","N",72.21630261,2018,"D04W_acru_can08_07202018"
"4WA3",3,"D04W","acru","N",72.59230318,2018,"D04W_acru_can09_07202018"
"4WP1",1,"D04W","pogr","N",83.44907407,2018,"D04W_pogr_can01_07192018"
"4WP1",2,"D04W","pogr","N",71.82009838,2018,"D04W_pogr_can02_07192018"
"4WP1",3,"D04W","pogr","N",73.43798092,2018,"D04W_pogr_can03_07192018"
"4WP2",1,"D04W","pogr","N",88.98087354,2018,"D04W_pogr_can04_07192018"
"4WP2",2,"D04W","pogr","N",80.49845838,2018,"D04W_pogr_can05_07192018"
"4WP2",3,"D04W","pogr","N",79.72149695,2018,"D04W_pogr_can06_07192018"
"4WP3",1,"D04W","pogr","N",58.86749066,2018,"D04W_pogr_can07_07202018"
"4WP3",2,"D04W","pogr","N",73.83512545,2018,"D04W_pogr_can08_07202018"
"4WP3",3,"D04W","pogr","N",61.08144192,2018,"D04W_pogr_can09_07202018"
"4WQ1",1,"D04W","quru","N",90.54495229,2018,"D04W_quru_can01_07202018"
"4WQ1",2,"D04W","quru","N",74.45520581,2018,"D04W_quru_can02_07202018"
"4WQ1",3,"D04W","quru","N",86.01698871,2018,"D04W_quru_can03_07202018"
"4WQ2",1,"D04W","quru","N",89.34677214,2018,"D04W_quru_can04_07202018"
"4WQ2",2,"D04W","quru","N",87.16528163,2018,"D04W_quru_can05_07202018"
"4WQ2",3,"D04W","quru","N",90.73814202,2018,"D04W_quru_can06_07202018"
"4WQ3",1,"D04W","quru","N",74.24987286,2018,"D04W_quru_can07_07202018"
"4WQ3",2,"D04W","quru","N",67.87348319,2018,"D04W_quru_can08_07202018"
"4WQ3",3,"D04W","quru","N",89.07801418,2018,"D04W_quru_can09_07202018"
"4EA1",1,"D04E","acru","N",84.78608557,2018,"D04E_acru_can01_07192018"
"4EA1",2,"D04E","acru","N",86.34950992,2018,"D04E_acru_can02_07192018"
"4EA1",3,"D04E","acru","N",77.8868424,2018,"D04E_acru_can03_07192018"
"4EA2",1,"D04E","acru","N",80.43905636,2018,"D04E_acru_can04_07192018"
"4EA2",2,"D04E","acru","N",82.64665757,2018,"D04E_acru_can05_07192018"
"4EA2",3,"D04E","acru","N",72.72962819,2018,"D04E_acru_can06_07192018"
"4EA3",1,"D04E","acru","N",84.62873005,2018,"D04E_acru_can07_07192018"
"4EA3",2,"D04E","acru","N",78.15146986,2018,"D04E_acru_can08_07192018"
"4EA3",3,"D04E","acru","N",83.04668305,2018,"D04E_acru_can09_07192018"
"4EP1",1,"D04E","pogr","N",93.85202459,2018,"D04E_pogr_can01_07192018"
"4EP1",2,"D04E","pogr","N",87.93756968,2018,"D04E_pogr_can02_07192018"
"4EP1",3,"D04E","pogr","N",95.31878839,2018,"D04E_pogr_can03_07192018"
"4EP2",1,"D04E","pogr","N",91.5609487,2018,"D04E_pogr_can04_07192018"
"4EP2",2,"D04E","pogr","N",69.08101918,2018,"D04E_pogr_can05_07192018"
"4EP2",3,"D04E","pogr","N",79.70540098,2018,"D04E_pogr_can06_07192018"
"4EP3",1,"D04E","pogr","N",91.47747118,2018,"D04E_pogr_can07_07192018"
"4EP3",2,"D04E","pogr","N",85.80533024,2018,"D04E_pogr_can08_07192018"
"4EP3",3,"D04E","pogr","N",90.33888228,2018,"D04E_pogr_can09_07192018"
"4EQ1",1,"D04E","quru","N",75.00886525,2018,"D04E_quru_can01_07192018"
"4EQ1",2,"D04E","quru","N",74.9773858,2018,"D04E_quru_can02_07192018"
"4EQ1",3,"D04E","quru","N",77.83121994,2018,"D04E_quru_can03_07192018"
"4EQ2",1,"D04E","quru","N",100.2559363,2018,"D04E_quru_can04_07192018"
"4EQ2",2,"D04E","quru","N",97.55806382,2018,"D04E_quru_can05_07192018"
"4EQ2",3,"D04E","quru","N",109.4237621,2018,"D04E_quru_can06_07192018"
"4EQ3",1,"D04E","quru","Y",74.80056312,2018,"D04E_quru_can07_07192018"
"4EQ3",2,"D04E","quru","Y",74.04768828,2018,"D04E_quru_can08_07192018"
"4EQ3",3,"D04E","quru","Y",88.91609533,2018,"D04E_quru_can09_07192018"
"1WP2",1,"D01W","pogr","N",42.68328881,2019,"D01W_pogr_can04_07232018"
"1WP2",2,"D01W","pogr","N",44.6980504,2019,"D01W_pogr_can05_07232018"
"1WP2",3,"D01W","pogr","N",41.29554656,2019,"D01W_pogr_can06_07232018"
"1WP1",1,"D01W","pogr","N",43.14641745,2019,"D01W_pogr_can01_07232018"
"1WP1",2,"D01W","pogr","N",43.16801619,2019,"D01W_pogr_can02_07232018"
"1WP1",3,"D01W","pogr","N",40.97113885,2019,"D01W_pogr_can03_07232018"
"1WP3",1,"D01W","pogr","N",44.51117784,2019,"D01W_pogr_can07_07232018"
"1WP3",2,"D01W","pogr","N",50.46143705,2019,"D01W_pogr_can08_07232018"
"1WP3",3,"D01W","pogr","N",47.95057263,2019,"D01W_pogr_can09_07232018"
"1WA3",1,"D01W","acru","N",67.06883217,2019,"D01W_acru_can07_07232018"
"1WA3",2,"D01W","acru","N",56.80304472,2019,"D01W_acru_can08_07232018"
"1WA3",3,"D01W","acru","N",62.9475233,2019,"D01W_acru_can09_07232018"
"1WA2",1,"D01W","acru","N",52.5848564,2019,"D01W_acru_can04_07232018"
"1WA2",2,"D01W","acru","N",54.20856076,2019,"D01W_acru_can05_07232018"
"1WA2",3,"D01W","acru","N",56.55570652,2019,"D01W_acru_can06_07232018"
"1WQ3",1,"D01W","quru","N",62.25578495,2019,"D01W_quru_can07_07232018"
"1WQ3",2,"D01W","quru","N",76.02514217,2019,"D01W_quru_can08_07232018"
"1WQ3",3,"D01W","quru","N",81.74745661,2019,"D01W_quru_can09_07232018"
"1WQ1",1,"D01W","quru","N",62.30443286,2019,"D01W_quru_can01_07232018"
"1WQ1",2,"D01W","quru","N",82.42559223,2019,"D01W_quru_can02_07232018"
"1WQ1",3,"D01W","quru","N",88.51832994,2019,"D01W_quru_can03_07232018"
"1WQ2",1,"D01W","quru","N",61.84979336,2019,"D01W_quru_can04_07232018"
"1WQ2",2,"D01W","quru","N",73.71559633,2019,"D01W_quru_can05_07232018"
"1WQ2",3,"D01W","quru","N",69.78405316,2019,"D01W_quru_can06_07232018"
"1WA1",1,"D01W","acru","N",60.845186,2019,"D01W_acru_can01_07232018"
"1WA1",2,"D01W","acru","N",74.13299395,2019,"D01W_acru_can02_07232018"
"1WA1",3,"D01W","acru","N",59.95325282,2019,"D01W_acru_can03_07232018"
"1EA3",1,"D01E","acru","N",52.8753497,2019,"D01E_acru_can07_07222018"
"1EA3",2,"D01E","acru","N",53.81738174,2019,"D01E_acru_can08_07222018"
"1EA3",3,"D01E","acru","N",42.62526464,2019,"D01E_acru_can09_07222018"
"1EQ3",1,"D01E","quru","N",63.47623486,2019,"D01E_quru_can07_07222018"
"1EQ3",2,"D01E","quru","N",70.02731885,2019,"D01E_quru_can08_07222018"
"1EQ3",3,"D01E","quru","N",59.19761738,2019,"D01E_quru_can09_07222018"
"1EP3",1,"D01E","pogr","N",67.44487678,2019,"D01E_pogr_can07_07222018"
"1EP3",2,"D01E","pogr","N",61.58880614,2019,"D01E_pogr_can08_07222018"
"1EP3",3,"D01E","pogr","N",63.87403446,2019,"D01E_pogr_can09_07222018"
"1EQ1",1,"D01E","quru","N",94.33281813,2019,"D01E_quru_can01_07222018"
"1EQ1",2,"D01E","quru","N",90.3784931,2019,"D01E_quru_can02_07222018"
"1EQ1",3,"D01E","quru","N",69.30983847,2019,"D01E_quru_can03_07222018"
"1EQ2",1,"D01E","quru","N",63.37779521,2019,"D01E_quru_can04_07222018"
"1EQ2",2,"D01E","quru","N",73.91468479,2019,"D01E_quru_can05_07222018"
"1EQ2",3,"D01E","quru","N",54.53480589,2019,"D01E_quru_can06_07222018"
"1EA2",1,"D01E","acru","N",68.95046498,2019,"D01E_acru_can04_07222018"
"1EA2",2,"D01E","acru","N",54.71204188,2019,"D01E_acru_can05_07222018"
"1EA2",3,"D01E","acru","N",72.48968363,2019,"D01E_acru_can06_07222018"
"1EP1",1,"D01E","pogr","N",66.45305099,2019,"D01E_pogr_can01_07222018"
"1EP1",2,"D01E","pogr","N",70.6328077,2019,"D01E_pogr_can02_07222018"
"1EP1",3,"D01E","pogr","N",64.13043478,2019,"D01E_pogr_can03_07222018"
"1EA1",1,"D01E","acru","N",48.03136185,2019,"D01E_acru_can01_07222018"
"1EA1",2,"D01E","acru","N",67.45910993,2019,"D01E_acru_can02_07222018"
"1EA1",3,"D01E","acru","N",58.94279508,2019,"D01E_acru_can03_07222018"
"1EP2",1,"D01E","pogr","N",50.42692115,2019,"D01E_pogr_can04_07222018"
"1EP2",2,"D01E","pogr","N",50.90252708,2019,"D01E_pogr_can05_07222018"
"1EP2",3,"D01E","pogr","N",46.13970588,2019,"D01E_pogr_can06_07222018"
"3WP3",1,"D03W","pogr","N",69.93087558,2019,"D03W_pogr_can07_07222018"
"3WP3",2,"D03W","pogr","N",65.07207019,2019,"D03W_pogr_can08_07222018"
"3WP3",3,"D03W","pogr","N",62.93446538,2019,"D03W_pogr_can09_07222018"
"3WP1",1,"D03W","pogr","N",60.57233704,2019,"D03W_pogr_can01_07222018"
"3WP1",2,"D03W","pogr","N",61.68296449,2019,"D03W_pogr_can02_07222018"
"3WP1",3,"D03W","pogr","N",62.2812997,2019,"D03W_pogr_can03_07222018"
"3WP2",1,"D03W","pogr","N",67.3681257,2019,"D03W_pogr_can04_07222018"
"3WP2",2,"D03W","pogr","N",54.05320814,2019,"D03W_pogr_can10_07222018"
"3WP2",3,"D03W","pogr","N",61.21233357,2019,"D03W_pogr_can06_07222018"
"3WA3",1,"D03W","acru","N",56.23460936,2019,"D03W_acru_can07_07222018"
"3WA3",2,"D03W","acru","N",63.15269963,2019,"D03W_acru_can08_07222018"
"3WA3",3,"D03W","acru","N",67.08891596,2019,"D03W_acru_can09_07222018"
"3WA2",1,"D03W","acru","N",63.87495176,2019,"D03W_acru_can04_07222018"
"3WA2",2,"D03W","acru","N",72.86914766,2019,"D03W_acru_can05_07222018"
"3WA2",3,"D03W","acru","N",54.71311475,2019,"D03W_acru_can06_07222018"
"3WQ3",1,"D03W","quru","N",75.13288321,2019,"D03W_quru_can07_07222018"
"3WQ3",2,"D03W","quru","N",73.65957447,2019,"D03W_quru_can08_07222018"
"3WQ3",3,"D03W","quru","N",75.90178842,2019,"D03W_quru_can09_07222018"
"3WQ2",1,"D03W","quru","N",72.82248442,2019,"D03W_quru_can04_07222018"
"3WQ2",2,"D03W","quru","N",90.61403509,2019,"D03W_quru_can05_07222018"
"3WQ2",3,"D03W","quru","N",75.51940731,2019,"D03W_quru_can06_07222018"
"3WA1",1,"D03W","acru","N",82.49733191,2019,"D03W_acru_can01_07222018"
"3WA1",2,"D03W","acru","N",74.39631566,2019,"D03W_acru_can02_07222018"
"3WA1",3,"D03W","acru","N",85.4153375,2019,"D03W_acru_can03_07222018"
"3WQ1",1,"D03W","quru","N",63.78255301,2019,"D03W_quru_can01_07222018"
"3WQ1",2,"D03W","quru","N",70.52658487,2019,"D03W_quru_can02_07222018"
"3WQ1",3,"D03W","quru","N",82.51062439,2019,"D03W_quru_can03_07222018"
"3EP2",1,"D03E","pogr","N",66.89044858,2019,"D03E_pogr_can04_07202018"
"3EP2",2,"D03E","pogr","N",52.54708243,2019,"D03E_pogr_can05_07202018"
"3EP2",3,"D03E","pogr","N",57.11970364,2019,"D03E_pogr_can06_07202018"
"3EA2",1,"D03E","acru","N",56.36794783,2019,"D03E_acru_can04_07202018"
"3EA2",2,"D03E","acru","N",59.50340969,2019,"D03E_acru_can05_07202018"
"3EA2",3,"D03E","acru","N",55.80639335,2019,"D03E_acru_can06_07202018"
"3EQ1",1,"D03E","quru","N",68.11897293,2019,"D03E_quru_can01_07202018"
"3EQ1",2,"D03E","quru","N",67.23058704,2019,"D03E_quru_can02_07202018"
"3EQ1",3,"D03E","quru","N",63.38005734,2019,"D03E_quru_can03_07202018"
"3EA1",1,"D03E","acru","N",63.21312727,2019,"D03E_acru_can01_07202018"
"3EA1",2,"D03E","acru","N",66.31557626,2019,"D03E_acru_can02_07202018"
"3EA1",3,"D03E","acru","N",69.77384749,2019,"D03E_acru_can03_07202018"
"3EP1",1,"D03E","pogr","N",56.03691361,2019,"D03E_pogr_can01_07202018"
"3EP1",2,"D03E","pogr","N",54.45326279,2019,"D03E_pogr_can02_07202018"
"3EP1",3,"D03E","pogr","N",60.92248559,2019,"D03E_pogr_can03_07202018"
"3EP3",1,"D03E","pogr","N",59.98763142,2019,"D03E_pogr_can07_07202018"
"3EP3",2,"D03E","pogr","N",62.79379157,2019,"D03E_pogr_can08_07202018"
"3EP3",3,"D03E","pogr","N",61.54610987,2019,"D03E_pogr_can09_07202018"
"3EQ2",1,"D03E","quru","N",88.63214707,2019,"D03E_quru_can04_07202018"
"3EQ2",2,"D03E","quru","N",109.2590037,2019,"D03E_quru_can05_07202018"
"3EQ2",3,"D03E","quru","N",86.71988389,2019,"D03E_quru_can06_07202018"
"3EA3",1,"D03E","acru","N",74.72655341,2019,"D03E_acru_can07_07202018"
"3EA3",2,"D03E","acru","N",87.82279081,2019,"D03E_acru_can08_07202018"
"3EA3",3,"D03E","acru","N",80.14811767,2019,"D03E_acru_can09_07202018"
"3EQ3",1,"D03E","quru","N",68.66144106,2019,"D03E_quru_can07_07202018"
"3EQ3",2,"D03E","quru","N",75.57013433,2019,"D03E_quru_can09_07202018"
"3EQ3",3,"D03E","quru","N",68.40234858,2019,"D03E_quru_can10_07202018"
"2EP3",1,"D02E","pogr","N",55.93097184,2019,"D02E_pogr_can09_07192018"
"2EP3",2,"D02E","pogr","N",57.0852429,2019,"D02E_pogr_can10_07192018"
"2EP3",3,"D02E","pogr","N",55.10399235,2019,"D02E_pogr_can11_07192018"
"2EP2",1,"D02E","pogr","N",53.29179647,2019,"D02E_pogr_can06_07192018"
"2EP2",2,"D02E","pogr","N",55.60335997,2019,"D02E_pogr_can07_07192018"
"2EP2",3,"D02E","pogr","N",47.65506808,2019,"D02E_pogr_can08_07192018"
"2EA3",1,"D02E","acru","N",55.35353535,2019,"D02E_acru_can09_07192018"
"2EA3",2,"D02E","acru","N",57.69302673,2019,"D02E_acru_can10_07192018"
"2EA3",3,"D02E","acru","N",48.1922494,2019,"D02E_acru_can11_07192018"
"2EA2",1,"D02E","acru","N",62.60754467,2019,"D02E_acru_can06_07192018"
"2EA2",2,"D02E","acru","N",66.72271477,2019,"D02E_acru_can07_07192018"
"2EA2",3,"D02E","acru","N",69.15145604,2019,"D02E_acru_can08_07192018"
"2EQ3",1,"D02E","quru","N",45.22733316,2019,"D02E_quru_can11_07192018"
"2EQ3",2,"D02E","quru","N",51.03011094,2019,"D02E_quru_can12_07192018"
"2EQ3",3,"D02E","quru","N",54.41495577,2019,"D02E_quru_can13_07192018"
"2EP1",1,"D02E","pogr","N",55.63303552,2019,"D02E_pogr_can01_07182018"
"2EP1",2,"D02E","pogr","N",66.83364642,2019,"D02E_pogr_can02_07182018"
"2EP1",3,"D02E","pogr","N",52.80053133,2019,"D02E_pogr_can03_07182018"
"2EP1",4,"D02E","pogr","N",58.32763728,2019,"D02E_pogr_can04_07182018"
"2EQ2",1,"D02E","quru","N",72.69854948,2019,"D02E_quru_can06_07182018"
"2EQ2",2,"D02E","quru","N",69.02644231,2019,"D02E_quru_can07_07182018"
"2EQ2",3,"D02E","quru","N",73.27352045,2019,"D02E_quru_can08_07182018"
"2EQ2",4,"D02E","quru","N",79.88141059,2019,"D02E_quru_can09_07182018"
"2EQ2",5,"D02E","quru","N",74.45374719,2019,"D02E_quru_can10_07182018"
"2EA1",1,"D02E","acru","N",54.77948934,2019,"D02E_acru_can01_07182018"
"2EA1",2,"D02E","acru","N",57.32450793,2019,"D02E_acru_can02_07182018"
"2EA1",3,"D02E","acru","N",61.93809875,2019,"D02E_acru_can03_07182018"
"2EA1",4,"D02E","acru","N",64.91984141,2019,"D02E_acru_can04_07182018"
"2EA1",5,"D02E","acru","N",66.86813187,2019,"D02E_acru_can05_07182018"
"2EQ1",1,"D02E","quru","N",62.86175798,2019,"D02E_quru_can01_07182018"
"2EQ1",2,"D02E","quru","N",69.28620453,2019,"D02E_quru_can02_07182018"
"2EQ1",3,"D02E","quru","N",62.21419976,2019,"D02E_quru_can03_07182018"
"2EQ1",4,"D02E","quru","N",52.98935299,2019,"D02E_quru_can04_07182018"
"2EQ1",5,"D02E","quru","N",66.28773525,2019,"D02E_quru_can05_07182018"
"2WQ2",1,"D02W","quru","N",71.01109548,2019,"D02W_quru_can06_07172018"
"2WQ2",2,"D02W","quru","N",70.17804154,2019,"D02W_quru_can07_07172018"
"2WQ2",3,"D02W","quru","N",69.77965521,2019,"D02W_quru_can08_07172018"
"2WQ2",4,"D02W","quru","N",79.13658243,2019,"D02W_quru_can09_07172018"
"2WQ2",5,"D02W","quru","N",100.5607739,2019,"D02W_quru_can10_07172018"
"2WP1",1,"D02W","pogr","N",68.54974705,2019,"D02W_pogr_can01_07172018"
"2WP1",2,"D02W","pogr","N",61.93707588,2019,"D02W_pogr_can02_07172018"
"2WP1",3,"D02W","pogr","N",63.54300385,2019,"D02W_pogr_can03_07172018"
"2WA3",1,"D02W","acru","N",65.74947085,2019,"D02W_acru_can11_07182018"
"2WA3",2,"D02W","acru","N",68.1653372,2019,"D02W_acru_can12_07182018"
"2WA3",3,"D02W","acru","N",65.17026281,2019,"D02W_acru_can13_07182018"
"2WA2",1,"D02W","acru","N",55.78691654,2019,"D02W_acru_can06_07182018"
"2WA2",2,"D02W","acru","N",59.7406181,2019,"D02W_acru_can07_07182018"
"2WA2",3,"D02W","acru","N",57.19298246,2019,"D02W_acru_can08_07182018"
"2WQ1",1,"D02W","quru","N",64.41717791,2019,"D02W_quru_can01_07172018"
"2WQ1",2,"D02W","quru","N",79.44535073,2019,"D02W_quru_can02_07172018"
"2WQ1",3,"D02W","quru","N",80.72515499,2019,"D02W_quru_can03_07172018"
"2WA1",1,"D02W","acru","N",65.42917325,2019,"D02W_acru_can01_07182018"
"2WA1",2,"D02W","acru","N",60.63624201,2019,"D02W_acru_can02_07182018"
"2WA1",3,"D02W","acru","N",68.5377061,2019,"D02W_acru_can03_07182018"
"2WQ3",1,"D02W","quru","N",65.70915619,2019,"D02W_quru_can11_07182018"
"2WQ3",2,"D02W","quru","N",71.24316071,2019,"D02W_quru_can12_07182018"
"2WQ3",3,"D02W","quru","N",67.96851943,2019,"D02W_quru_can13_07182018"
"2WP2",1,"D02W","pogr","N",83.7817777,2019,"D02W_pogr_can06_07182018"
"2WP2",2,"D02W","pogr","N",79.62417931,2019,"D02W_pogr_can07_07182018"
"2WP2",3,"D02W","pogr","N",74.3557511,2019,"D02W_pogr_can08_07182018"
"2WP3",1,"D02W","pogr","Y",81.64036453,2019,"D02W_pogr_can11_07182018"
"2WP3",2,"D02W","pogr","Y",74.8810872,2019,"D02W_pogr_can12_07182018"
"2WP3",3,"D02W","pogr","Y",77.09606453,2019,"D02W_pogr_can13_07182018"
"4WQ3",1,"D04W","quru","N",66.83972311,2019,"D04W_quru_can07_07202018"
"4WQ3",2,"D04W","quru","N",67.97881085,2019,"D04W_quru_can08_07202018"
"4WQ3",3,"D04W","quru","N",70.57439718,2019,"D04W_quru_can09_07202018"
"4WA3",1,"D04W","acru","N",57.72727273,2019,"D04W_acru_can07_07202018"
"4WA3",2,"D04W","acru","N",66.53205868,2019,"D04W_acru_can08_07202018"
"4WA3",3,"D04W","acru","N",69.74199649,2019,"D04W_acru_can09_07202018"
"4WQ1",1,"D04W","quru","N",74.46929492,2019,"D04W_quru_can01_07202018"
"4WQ1",2,"D04W","quru","N",80.72535514,2019,"D04W_quru_can02_07202018"
"4WQ1",3,"D04W","quru","N",109.9833214,2019,"D04W_quru_can03_07202018"
"4WA2",1,"D04W","acru","N",80.97008619,2019,"D04W_acru_can04_07202018"
"4WA2",2,"D04W","acru","N",74.81154624,2019,"D04W_acru_can05_07202018"
"4WA2",3,"D04W","acru","N",78.6887672,2019,"D04W_acru_can06_07202018"
"4WQ2",1,"D04W","quru","N",83.5941149,2019,"D04W_quru_can04_07202018"
"4WQ2",2,"D04W","quru","N",91.49840595,2019,"D04W_quru_can05_07202018"
"4WQ2",3,"D04W","quru","N",88.26480836,2019,"D04W_quru_can06_07202018"
"4WA1",1,"D04W","acru","N",99.79374355,2019,"D04W_acru_can01_07202018"
"4WA1",2,"D04W","acru","N",78.33766234,2019,"D04W_acru_can02_07202018"
"4WA1",3,"D04W","acru","N",90.2396017,2019,"D04W_acru_can03_07202018"
"4WP2",1,"D04W","pogr","N",74.10488246,2019,"D04W_pogr_can04_07192018"
"4WP2",2,"D04W","pogr","N",69.22382671,2019,"D04W_pogr_can05_07192018"
"4WP2",3,"D04W","pogr","N",83.43822458,2019,"D04W_pogr_can06_07192018"
"4WP3",1,"D04W","pogr","N",63.723229,2019,"D04W_pogr_can07_07202018"
"4WP3",2,"D04W","pogr","N",63.59325606,2019,"D04W_pogr_can08_07202018"
"4WP3",3,"D04W","pogr","N",63.52699531,2019,"D04W_pogr_can09_07202018"
"4WP1",1,"D04W","pogr","N",75.75593952,2019,"D04W_pogr_can01_07192018"
"4WP1",2,"D04W","pogr","N",60.8857336,2019,"D04W_pogr_can02_07192018"
"4WP1",3,"D04W","pogr","N",72.43867244,2019,"D04W_pogr_can03_07192018"
"4EA3",1,"D04E","acru","N",79.82787079,2019,"D04E_acru_can07_07192018"
"4EA3",2,"D04E","acru","N",75.11860175,2019,"D04E_acru_can08_07192018"
"4EA3",3,"D04E","acru","N",72.50241813,2019,"D04E_acru_can09_07192018"
"4EQ3",1,"D04E","quru","Y",66.87018848,2019,"D04E_quru_can07_07192018"
"4EQ3",2,"D04E","quru","Y",58.29342621,2019,"D04E_quru_can08_07192018"
"4EQ3",3,"D04E","quru","Y",69.32918396,2019,"D04E_quru_can09_07192018"
"4EQ2",1,"D04E","quru","N",95.01718213,2019,"D04E_quru_can04_07192018"
"4EQ2",2,"D04E","quru","N",101.4035952,2019,"D04E_quru_can05_07192018"
"4EQ2",3,"D04E","quru","N",106.5936626,2019,"D04E_quru_can06_07192018"
"4EP1",1,"D04E","pogr","N",75.93932322,2019,"D04E_pogr_can01_07192018"
"4EP1",2,"D04E","pogr","N",73.39927121,2019,"D04E_pogr_can02_07192018"
"4EP1",3,"D04E","pogr","N",88.48920863,2019,"D04E_pogr_can03_07192018"
"4EA1",1,"D04E","acru","N",83.22269161,2019,"D04E_acru_can01_07192018"
"4EA1",2,"D04E","acru","N",75.92592593,2019,"D04E_acru_can02_07192018"
"4EA1",3,"D04E","acru","N",76.12137203,2019,"D04E_acru_can03_07192018"
"4EA2",1,"D04E","acru","N",69.74037601,2019,"D04E_acru_can04_07192018"
"4EA2",2,"D04E","acru","N",70.35191529,2019,"D04E_acru_can05_07192018"
"4EA2",3,"D04E","acru","N",90.30534351,2019,"D04E_acru_can06_07192018"
"4EP3",1,"D04E","pogr","N",68.72356308,2019,"D04E_pogr_can07_07192018"
"4EP3",2,"D04E","pogr","N",72.50163292,2019,"D04E_pogr_can08_07192018"
"4EP3",3,"D04E","pogr","N",64.32727914,2019,"D04E_pogr_can09_07192018"
"4EP2",1,"D04E","pogr","N",74.85894832,2019,"D04E_pogr_can04_07192018"
"4EP2",2,"D04E","pogr","N",81.61597821,2019,"D04E_pogr_can05_07192018"
"4EP2",3,"D04E","pogr","N",82.42004026,2019,"D04E_pogr_can06_07192018"
"4EQ1",1,"D04E","quru","N",79.95841996,2019,"D04E_quru_can01_07192018"
"4EQ1",2,"D04E","quru","N",72.88748305,2019,"D04E_quru_can02_07192018"
"4EQ1",3,"D04E","quru","N",75.17435203,2019,"D04E_quru_can03_07192018"
"4EQ1",1,"D04E","quru","N",63.05166441,2019,"D04E_quru_can01_07192018"
"4EQ1",2,"D04E","quru","N",78.81188119,2019,"D04E_quru_can02_07192018"
"4EQ1",3,"D04E","quru","N",77.00522861,2019,"D04E_quru_can03_07192018"
"4EP2",1,"D04E","pogr","N",79.83651226,2019,"D04E_pogr_can04_07192018"
"4EP2",2,"D04E","pogr","N",84.83012905,2019,"D04E_pogr_can05_07192018"
"4EP2",3,"D04E","pogr","N",83.7322695,2019,"D04E_pogr_can06_07192018"
"4EP3",1,"D04E","pogr","N",70.81359423,2019,"D04E_pogr_can07_07192018"
"4EP3",2,"D04E","pogr","N",74.47597848,2019,"D04E_pogr_can08_07192018"
"4EP3",3,"D04E","pogr","N",68.02780191,2019,"D04E_pogr_can09_07192018"
"4EP1",1,"D04E","pogr","N",89.02084983,2019,"D04E_pogr_can01_07192018"
"4EP1",2,"D04E","pogr","N",79.26083488,2019,"D04E_pogr_can02_07192018"
"4EP1",3,"D04E","pogr","N",81.38676509,2019,"D04E_pogr_can03_07192018"
"4EA2",1,"D04E","acru","N",91.34143189,2019,"D04E_acru_can04_07192018"
"4EA2",2,"D04E","acru","N",73.6282802,2019,"D04E_acru_can05_07192018"
"4EA2",3,"D04E","acru","N",87.7673225,2019,"D04E_acru_can06_07192018"
"4EA1",1,"D04E","acru","N",86.03130573,2019,"D04E_acru_can01_07192018"
"4EA1",2,"D04E","acru","N",81.95384003,2019,"D04E_acru_can02_07192018"
"4EA1",3,"D04E","acru","N",82.86353468,2019,"D04E_acru_can03_07192018"
"4EQ2",1,"D04E","quru","N",110.789272,2019,"D04E_quru_can04_07192018"
"4EQ2",2,"D04E","quru","N",96.72412151,2019,"D04E_quru_can05_07192018"
"4EQ2",3,"D04E","quru","N",78.74070958,2019,"D04E_quru_can06_07192018"
"4EQ3",1,"D04E","quru","Y",65.99943614,2019,"D04E_quru_can07_07192018"
"4EQ3",2,"D04E","quru","Y",77.02318015,2019,"D04E_quru_can08_07192018"
"4EQ3",3,"D04E","quru","Y",75.87291601,2019,"D04E_quru_can09_07192018"
"4EA3",1,"D04E","acru","N",65.33123854,2019,"D04E_acru_can07_07192018"
"4EA3",2,"D04E","acru","N",81.70693442,2019,"D04E_acru_can08_07192018"
"4EA3",3,"D04E","acru","N",68.8976378,2019,"D04E_acru_can09_07192018"
"4WP3",1,"D04W","pogr","N",66.91367173,2019,"D04W_pogr_can07_07202018"
"4WP3",2,"D04W","pogr","N",66.60963787,2019,"D04W_pogr_can08_07202018"
"4WP3",3,"D04W","pogr","N",64.44785276,2019,"D04W_pogr_can09_07202018"
"4WP1",1,"D04W","pogr","N",76.91611346,2019,"D04W_pogr_can01_07192018"
"4WP1",2,"D04W","pogr","N",76.54320988,2019,"D04W_pogr_can02_07192018"
"4WP1",3,"D04W","pogr","N",77.70491803,2019,"D04W_pogr_can03_07192018"
"4WP2",1,"D04W","pogr","N",73.2041049,2019,"D04W_pogr_can04_07192018"
"4WP2",2,"D04W","pogr","N",84.59750073,2019,"D04W_pogr_can05_07192018"
"4WP2",3,"D04W","pogr","N",84.7509113,2019,"D04W_pogr_can06_07192018"
"4WA1",1,"D04W","acru","N",92.13078849,2019,"D04W_acru_can01_07202018"
"4WA1",2,"D04W","acru","N",84.00995285,2019,"D04W_acru_can02_07202018"
"4WA1",3,"D04W","acru","N",96.26612356,2019,"D04W_acru_can03_07202018"
"4WQ2",1,"D04W","quru","N",98.34641256,2019,"D04W_quru_can04_07202018"
"4WQ2",2,"D04W","quru","N",94.26715077,2019,"D04W_quru_can05_07202018"
"4WQ2",3,"D04W","quru","N",93.90123107,2019,"D04W_quru_can06_07202018"
"4WA2",1,"D04W","acru","N",83.2824272,2019,"D04W_acru_can04_07202018"
"4WA2",2,"D04W","acru","N",78.17008352,2019,"D04W_acru_can05_07202018"
"4WA2",3,"D04W","acru","N",88.68075568,2019,"D04W_acru_can06_07202018"
"4WA3",1,"D04W","acru","N",74.20031463,2019,"D04W_acru_can07_07202018"
"4WA3",2,"D04W","acru","N",68.69052151,2019,"D04W_acru_can08_07202018"
"4WA3",3,"D04W","acru","N",71.36176581,2019,"D04W_acru_can09_07202018"
"4WQ3",1,"D04W","quru","N",65.89086334,2019,"D04W_quru_can07_07202018"
"4WQ3",2,"D04W","quru","N",97.00356013,2019,"D04W_quru_can08_07202018"
"4WQ3",3,"D04W","quru","N",86.37030247,2019,"D04W_quru_can09_07202018"
"4WQ1",1,"D04W","quru","N",93.98368817,2019,"D04W_quru_can01_07202018"
"4WQ1",2,"D04W","quru","N",101.3623978,2019,"D04W_quru_can02_07202018"
"4WQ1",3,"D04W","quru","N",125.0392465,2019,"D04W_quru_can03_07202018"
"2EP3",1,"D02E","pogr","N",65.2249565,2019,"D02E_pogr_can09_07192018"
"2EP3",2,"D02E","pogr","N",78.19562147,2019,"D02E_pogr_can10_07192018"
"2EP3",3,"D02E","pogr","N",78.31402831,2019,"D02E_pogr_can11_07192018"
"2EP2",1,"D02E","pogr","N",65.71368064,2019,"D02E_pogr_can06_07192018"
"2EP2",2,"D02E","pogr","N",68.17025214,2019,"D02E_pogr_can07_07192018"
"2EP2",3,"D02E","pogr","N",65.83833971,2019,"D02E_pogr_can08_07192018"
"2EA3",1,"D02E","acru","N",61.38409146,2019,"D02E_acru_can09_07192018"
"2EA3",2,"D02E","acru","N",65.78887108,2019,"D02E_acru_can10_07192018"
"2EA3",3,"D02E","acru","N",54.1543901,2019,"D02E_acru_can11_07192018"
"2EA2",1,"D02E","acru","N",68.83996613,2019,"D02E_acru_can06_07192018"
"2EA2",2,"D02E","acru","N",75.31791908,2019,"D02E_acru_can07_07192018"
"2EA2",3,"D02E","acru","N",67.46218049,2019,"D02E_acru_can08_07192018"
"2EQ3",1,"D02E","quru","N",60.35783742,2019,"D02E_quru_can11_07192018"
"2EQ3",2,"D02E","quru","N",57.15648855,2019,"D02E_quru_can12_07192018"
"2EQ3",3,"D02E","quru","N",64.61111111,2019,"D02E_quru_can13_07192018"
"2EP1",1,"D02E","pogr","N",61.65814625,2019,"D02E_pogr_can01_07182018"
"2EP1",2,"D02E","pogr","N",78.93488573,2019,"D02E_pogr_can02_07182018"
"2EP1",3,"D02E","pogr","N",68.88023815,2019,"D02E_pogr_can03_07182018"
"2EP1",4,"D02E","pogr","N",65.10875955,2019,"D02E_pogr_can04_07182018"
"2EQ2",1,"D02E","quru","N",66.38385929,2019,"D02E_quru_can06_07182018"
"2EQ2",2,"D02E","quru","N",57.0392302,2019,"D02E_quru_can07_07182018"
"2EQ2",3,"D02E","quru","N",76.47241486,2019,"D02E_quru_can08_07182018"
"2EQ2",4,"D02E","quru","N",85.32406258,2019,"D02E_quru_can09_07182018"
"2EQ2",5,"D02E","quru","N",74.1714516,2019,"D02E_quru_can10_07182018"
"2EA1",1,"D02E","acru","N",68.61011849,2019,"D02E_acru_can01_07182018"
"2EA1",2,"D02E","acru","N",57.93524416,2019,"D02E_acru_can02_07182018"
"2EA1",3,"D02E","acru","N",63.83091617,2019,"D02E_acru_can03_07182018"
"2EA1",4,"D02E","acru","N",65.26669467,2019,"D02E_acru_can04_07182018"
"2EA1",5,"D02E","acru","N",68.24104235,2019,"D02E_acru_can05_07182018"
"2EQ1",1,"D02E","quru","N",69.23910326,2019,"D02E_quru_can01_07182018"
"2EQ1",2,"D02E","quru","N",57.675,2019,"D02E_quru_can02_07182018"
"2EQ1",3,"D02E","quru","N",58.10307662,2019,"D02E_quru_can03_07182018"
"2EQ1",4,"D02E","quru","N",62.84891449,2019,"D02E_quru_can04_07182018"
"2EQ1",5,"D02E","quru","N",64.11445225,2019,"D02E_quru_can05_07182018"
"2WQ2",1,"D02W","quru","N",90.88044486,2019,"D02W_quru_can06_07172018"
"2WQ2",2,"D02W","quru","N",98.27752117,2019,"D02W_quru_can07_07172018"
"2WQ2",3,"D02W","quru","N",80.17962217,2019,"D02W_quru_can08_07172018"
"2WQ2",4,"D02W","quru","N",82.16754216,2019,"D02W_quru_can09_07172018"
"2WQ2",5,"D02W","quru","N",105.4217942,2019,"D02W_quru_can10_07172018"
"2WP1",1,"D02W","pogr","N",72.61613692,2019,"D02W_pogr_can01_07172018"
"2WP1",2,"D02W","pogr","N",81.56239656,2019,"D02W_pogr_can02_07172018"
"2WP1",3,"D02W","pogr","N",80.70855961,2019,"D02W_pogr_can03_07172018"
"2WA3",1,"D02W","acru","N",75.69025022,2019,"D02W_acru_can11_07182018"
"2WA3",2,"D02W","acru","N",77.58924936,2019,"D02W_acru_can12_07182018"
"2WA3",3,"D02W","acru","N",73.97708674,2019,"D02W_acru_can13_07182018"
"2WA2",1,"D02W","acru","N",64.91734453,2019,"D02W_acru_can06_07182018"
"2WA2",2,"D02W","acru","N",69.99303379,2019,"D02W_acru_can07_07182018"
"2WA2",3,"D02W","acru","N",70.3974047,2019,"D02W_acru_can08_07182018"
"2WQ1",1,"D02W","quru","N",86.01501007,2019,"D02W_quru_can01_07172018"
"2WQ1",2,"D02W","quru","N",76.31146043,2019,"D02W_quru_can02_07172018"
"2WQ1",3,"D02W","quru","N",88.83905013,2019,"D02W_quru_can03_07172018"
"2WA1",1,"D02W","acru","N",74.08674025,2019,"D02W_acru_can01_07182018"
"2WA1",2,"D02W","acru","N",57.11127487,2019,"D02W_acru_can02_07182018"
"2WA1",3,"D02W","acru","N",71.80040265,2019,"D02W_acru_can03_07182018"
"2WQ3",1,"D02W","quru","N",71.19799758,2019,"D02W_quru_can11_07182018"
"2WQ3",2,"D02W","quru","N",74.73965287,2019,"D02W_quru_can12_07182018"
"2WQ3",3,"D02W","quru","N",76.29249519,2019,"D02W_quru_can13_07182018"
"2WP2",1,"D02W","pogr","N",89.47278621,2019,"D02W_pogr_can06_07182018"
"2WP2",2,"D02W","pogr","N",96.51257097,2019,"D02W_pogr_can07_07182018"
"2WP2",3,"D02W","pogr","N",88.72916667,2019,"D02W_pogr_can08_07182018"
"2WP3",1,"D02W","pogr","Y",85.28221005,2019,"D02W_pogr_can11_07182018"
"2WP3",2,"D02W","pogr","Y",82.98324286,2019,"D02W_pogr_can12_07182018"
"2WP3",3,"D02W","pogr","Y",83.07622505,2019,"D02W_pogr_can13_07182018"
"1WP3",1,"D01W","pogr","N",67.56212223,2019,"D01W_pogr_can07_07232018"
"1WP3",2,"D01W","pogr","N",68.23492264,2019,"D01W_pogr_can08_07232018"
"1WP3",3,"D01W","pogr","N",61.90769231,2019,"D01W_pogr_can09_07232018"
"1WA3",1,"D01W","acru","N",69.82238011,2019,"D01W_acru_can07_07232018"
"1WA3",2,"D01W","acru","N",69.43186497,2019,"D01W_acru_can08_07232018"
"1WA3",3,"D01W","acru","N",73.07110439,2019,"D01W_acru_can09_07232018"
"1WP2",1,"D01W","pogr","N",52.97619048,2019,"D01W_pogr_can04_07232018"
"1WP2",2,"D01W","pogr","N",67.67905712,2019,"D01W_pogr_can05_07232018"
"1WP2",3,"D01W","pogr","N",63.31578947,2019,"D01W_pogr_can06_07232018"
"1WP1",1,"D01W","pogr","N",68.90283488,2019,"D01W_pogr_can01_07232018"
"1WP1",2,"D01W","pogr","N",65.43845204,2019,"D01W_pogr_can02_07232018"
"1WP1",3,"D01W","pogr","N",66.28593185,2019,"D01W_pogr_can03_07232018"
"1WA2",1,"D01W","acru","N",77.17421897,2019,"D01W_acru_can04_07232018"
"1WA2",2,"D01W","acru","N",75.88754361,2019,"D01W_acru_can05_07232018"
"1WA2",3,"D01W","acru","N",79.95795375,2019,"D01W_acru_can06_07232018"
"1WQ3",1,"D01W","quru","N",88.65266393,2019,"D01W_quru_can07_07232018"
"1WQ3",2,"D01W","quru","N",98.92940107,2019,"D01W_quru_can08_07232018"
"1WQ3",3,"D01W","quru","N",99.36733277,2019,"D01W_quru_can09_07232018"
"1WQ1",1,"D01W","quru","N",83.77177998,2019,"D01W_quru_can01_07232018"
"1WQ1",2,"D01W","quru","N",124.4837758,2019,"D01W_quru_can02_07232018"
"1WQ1",3,"D01W","quru","N",119.9016716,2019,"D01W_quru_can03_07232018"
"1WQ2",2,"D01W","quru","N",92.49301102,2019,"D01W_quru_can05_07232018"
"1WQ2",1,"D01W","quru","N",74.64262952,2019,"D01W_quru_can04_07232018"
"1WQ2",3,"D01W","quru","N",103.7571285,2019,"D01W_quru_can06_07232018"
"1WA1",1,"D01W","acru","N",77.90115393,2019,"D01W_acru_can01_07232018"
"1WA1",2,"D01W","acru","N",48.16555686,2019,"D01W_acru_can02_07232018"
"1WA1",3,"D01W","acru","N",82.78241918,2019,"D01W_acru_can03_07232018"
"1EA3",1,"D01E","acru","N",60.4494382,2019,"D01E_acru_can07_07222018"
"1EA3",2,"D01E","acru","N",74.0237691,2019,"D01E_acru_can08_07222018"
"1EA3",3,"D01E","acru","N",72.59375,2019,"D01E_acru_can09_07222018"
"1EQ3",1,"D01E","quru","N",57.46294381,2019,"D01E_quru_can07_07222018"
"1EQ3",2,"D01E","quru","N",100.6568897,2019,"D01E_quru_can08_07222018"
"1EQ3",3,"D01E","quru","N",68.26353528,2019,"D01E_quru_can09_07222018"
"1EP3",1,"D01E","pogr","N",75.45519035,2019,"D01E_pogr_can07_07222018"
"1EP3",2,"D01E","pogr","N",68.76675603,2019,"D01E_pogr_can08_07222018"
"1EP3",3,"D01E","pogr","N",84.37715072,2019,"D01E_pogr_can09_07222018"
"1EQ1",1,"D01E","quru","N",104.5505776,2019,"D01E_quru_can01_07222018"
"1EQ1",2,"D01E","quru","N",95.93031558,2019,"D01E_quru_can02_07222018"
"1EQ1",3,"D01E","quru","N",74.5782776,2019,"D01E_quru_can03_07222018"
"1EQ2",1,"D01E","quru","N",78.4659557,2019,"D01E_quru_can04_07222018"
"1EQ2",2,"D01E","quru","N",75.99925464,2019,"D01E_quru_can05_07222018"
"1EQ2",3,"D01E","quru","N",78.25678216,2019,"D01E_quru_can06_07222018"
"1EA2",1,"D01E","acru","N",77.32102421,2019,"D01E_acru_can04_07222018"
"1EA2",2,"D01E","acru","N",78.02321832,2019,"D01E_acru_can05_07222018"
"1EA2",3,"D01E","acru","N",76,2019,"D01E_acru_can06_07222018"
"1EP1",1,"D01E","pogr","N",92.82388387,2019,"D01E_pogr_can01_07222018"
"1EP1",2,"D01E","pogr","N",89.72905968,2019,"D01E_pogr_can02_07222018"
"1EP1",3,"D01E","pogr","N",99.19668308,2019,"D01E_pogr_can03_07222018"
"1EA1",1,"D01E","acru","N",59.3627374,2019,"D01E_acru_can01_07222018"
"1EA1",2,"D01E","acru","N",70.36927184,2019,"D01E_acru_can02_07222018"
"1EA1",3,"D01E","acru","N",57.35294118,2019,"D01E_acru_can03_07222018"
"1EP2",1,"D01E","pogr","N",83.19594166,2019,"D01E_pogr_can04_07222018"
"1EP2",2,"D01E","pogr","N",90.02181025,2019,"D01E_pogr_can05_07222018"
"1EP2",3,"D01E","pogr","N",104.436512,2019,"D01E_pogr_can06_07222018"
"3WP3",3,"D03W","pogr","N",85.08261578,2019,"D03W_pogr_can09_07222018"
"3WP3",2,"D03W","pogr","N",84.71389646,2019,"D03W_pogr_can08_07222018"
"3WP3",1,"D03W","pogr","N",84.74621313,2019,"D03W_pogr_can07_07222018"
"3WP1",1,"D03W","pogr","N",79.70647773,2019,"D03W_pogr_can01_07222018"
"3WP1",2,"D03W","pogr","N",77.97484682,2019,"D03W_pogr_can02_07222018"
"3WP1",3,"D03W","pogr","N",78.67484663,2019,"D03W_pogr_can03_07222018"
"3WP2",1,"D03W","pogr","N",74.556804,2019,"D03W_pogr_can04_07222018"
"3WP2",2,"D03W","pogr","N",74.90884985,2019,"D03W_pogr_can10_07222018"
"3WP2",3,"D03W","pogr","N",79.45498263,2019,"D03W_pogr_can06_07222018"
"3WA3",1,"D03W","acru","N",54.37476051,2019,"D03W_acru_can07_07222018"
"3WA3",2,"D03W","acru","N",65.26775222,2019,"D03W_acru_can08_07222018"
"3WA3",3,"D03W","acru","N",67.50282718,2019,"D03W_acru_can09_07222018"
"3WA2",1,"D03W","acru","N",72.34869517,2019,"D03W_acru_can04_07222018"
"3WA2",2,"D03W","acru","N",68.10523886,2019,"D03W_acru_can05_07222018"
"3WA2",3,"D03W","acru","N",58.54154214,2019,"D03W_acru_can06_07222018"
"3WQ3",1,"D03W","quru","N",86.66745394,2019,"D03W_quru_can07_07222018"
"3WQ3",2,"D03W","quru","N",95.40636042,2019,"D03W_quru_can08_07222018"
"3WQ3",3,"D03W","quru","N",117.6450855,2019,"D03W_quru_can09_07222018"
"3WQ2",1,"D03W","quru","N",83.35742308,2019,"D03W_quru_can04_07222018"
"3WQ2",2,"D03W","quru","N",103.2301255,2019,"D03W_quru_can05_07222018"
"3WQ2",3,"D03W","quru","N",105.0149452,2019,"D03W_quru_can06_07222018"
"3WA1",1,"D03W","acru","N",79.69172526,2019,"D03W_acru_can01_07222018"
"3WA1",2,"D03W","acru","N",71.41997593,2019,"D03W_acru_can02_07222018"
"3WA1",3,"D03W","acru","N",78.95874617,2019,"D03W_acru_can03_07222018"
"3WQ1",1,"D03W","quru","N",70.64838485,2019,"D03W_quru_can01_07222018"
"3WQ1",2,"D03W","quru","N",85.75885484,2019,"D03W_quru_can02_07222018"
"3WQ1",3,"D03W","quru","N",99.78046103,2019,"D03W_quru_can03_07222018"
"3EQ3",1,"D03E","quru","N",74.21383648,2019,"D03E_quru_can07_07202018"
"3EQ3",2,"D03E","quru","N",85.34333526,2019,"D03E_quru_can09_07202018"
"3EQ3",3,"D03E","quru","N",64.1031765,2019,"D03E_quru_can10_07202018"
"3EA3",1,"D03E","acru","N",88.43031123,2019,"D03E_acru_can07_07202018"
"3EA3",2,"D03E","acru","N",98.37415998,2019,"D03E_acru_can08_07202018"
"3EA3",3,"D03E","acru","N",97.03052422,2019,"D03E_acru_can09_07202018"
"3EQ2",1,"D03E","quru","N",111.3964934,2019,"D03E_quru_can04_07202018"
"3EQ2",2,"D03E","quru","N",130.1957295,2019,"D03E_quru_can05_07202018"
"3EQ2",3,"D03E","quru","N",117.8726318,2019,"D03E_quru_can06_07202018"
"3EP3",1,"D03E","pogr","N",84.01403957,2019,"D03E_pogr_can07_07202018"
"3EP3",2,"D03E","pogr","N",92.85101516,2019,"D03E_pogr_can08_07202018"
"3EP3",3,"D03E","pogr","N",82.39602406,2019,"D03E_pogr_can09_07202018"
"3EP1",1,"D03E","pogr","N",78.36419753,2019,"D03E_pogr_can01_07202018"
"3EP1",2,"D03E","pogr","N",77.53222836,2019,"D03E_pogr_can02_07202018"
"3EP1",3,"D03E","pogr","N",74.27018321,2019,"D03E_pogr_can03_07202018"
"3EA1",1,"D03E","acru","N",81.12734864,2019,"D03E_acru_can01_07202018"
"3EA1",2,"D03E","acru","N",77.95142555,2019,"D03E_acru_can02_07202018"
"3EA1",3,"D03E","acru","N",79.03037383,2019,"D03E_acru_can03_07202018"
"3EQ1",1,"D03E","quru","N",94.15473756,2019,"D03E_quru_can01_07202018"
"3EQ1",2,"D03E","quru","N",69.72884141,2019,"D03E_quru_can02_07202018"
"3EQ1",3,"D03E","quru","N",77.07766697,2019,"D03E_quru_can03_07202018"
"3EA2",1,"D03E","acru","N",63.84813385,2019,"D03E_acru_can04_07202018"
"3EA2",2,"D03E","acru","N",56.42483511,2019,"D03E_acru_can05_07202018"
"3EA2",3,"D03E","acru","N",61.60963687,2019,"D03E_acru_can06_07202018"
"3EP2",1,"D03E","pogr","N",79.32489451,2019,"D03E_pogr_can04_07202018"
"3EP2",2,"D03E","pogr","N",66.05248465,2019,"D03E_pogr_can05_07202018"
"3EP2",3,"D03E","pogr","N",78.86836028,2019,"D03E_pogr_can06_07202018"
"1EA1",1,"D01E","acru","N",69.86,2020,"D01E_acru_can01_07222018"
"1EA1",2,"D01E","acru","N",74.11,2020,"D01E_acru_can02_07222018"
"1EA1",3,"D01E","acru","N",58.98,2020,"D01E_acru_can03_07222018"
"1EA2",2,"D01E","acru","N",76.24,2020,"D01E_acru_can05_07222018"
"1EA2",1,"D01E","acru","N",58.07,2020,"D01E_acru_can04_07222018"
"1EA2",3,"D01E","acru","N",70.72,2020,"D01E_acru_can06_07222018"
"1EA3",1,"D01E","acru","N",69.23,2020,"D01E_acru_can07_07222018"
"1EA3",2,"D01E","acru","N",85.77,2020,"D01E_acru_can08_07222018"
"1EA3",3,"D01E","acru","N",64.69,2020,"D01E_acru_can09_07222018"
"1EP1",2,"D01E","pogr","N",90.73,2020,"D01E_pogr_can02_07222018"
"1EP1",3,"D01E","pogr","N",86.63,2020,"D01E_pogr_can03_07222018"
"1EP1",1,"D01E","pogr","N",94.56,2020,"D01E_pogr_can01_07222018"
"1EP2",1,"D01E","pogr","N",83.6,2020,"D01E_pogr_can04_07222018"
"1EP2",2,"D01E","pogr","N",91.76,2020,"D01E_pogr_can05_07222018"
"1EP2",3,"D01E","pogr","N",95.33,2020,"D01E_pogr_can06_07222018"
"1EP3",1,"D01E","pogr","N",72.53,2020,"D01E_pogr_can07_07222018"
"1EP3",2,"D01E","pogr","N",78.2,2020,"D01E_pogr_can08_07222018"
"1EP3",3,"D01E","pogr","N",79.89,2020,"D01E_pogr_can09_07222018"
"1EQ1",3,"D01E","quru","N",80.66,2020,"D01E_quru_can03_07222018"
"1EQ1",2,"D01E","quru","N",87.93,2020,"D01E_quru_can02_07222018"
"1EQ1",1,"D01E","quru","N",78.03,2020,"D01E_quru_can01_07222018"
"1EQ2",3,"D01E","quru","N",68.72,2020,"D01E_quru_can06_07222018"
"1EQ2",1,"D01E","quru","N",85.47,2020,"D01E_quru_can04_07222018"
"1EQ2",2,"D01E","quru","N",90.59,2020,"D01E_quru_can05_07222018"
"1EQ3",1,"D01E","quru","N",63.06,2020,"D01E_quru_can07_07222018"
"1EQ3",2,"D01E","quru","N",77.55,2020,"D01E_quru_can08_07222018"
"1EQ3",3,"D01E","quru","N",94.51,2020,"D01E_quru_can09_07222018"
"1WA1",1,"D01W","acru","N",75.15,2020,"D01W_acru_can01_07232018"
"1WA1",2,"D01W","acru","N",101.9,2020,"D01W_acru_can02_07232018"
"1WA1",3,"D01W","acru","N",80.34,2020,"D01W_acru_can03_07232018"
"1WA2",1,"D01W","acru","N",75.9,2020,"D01W_acru_can04_07232018"
"1WA2",3,"D01W","acru","N",76.31,2020,"D01W_acru_can06_07232018"
"1WA2",2,"D01W","acru","N",80.71,2020,"D01W_acru_can05_07232018"
"1WA3",1,"D01W","acru","N",78.43,2020,"D01W_acru_can07_07232018"
"1WA3",3,"D01W","acru","N",71.2,2020,"D01W_acru_can09_07232018"
"1WA3",2,"D01W","acru","N",75.62,2020,"D01W_acru_can08_07232018"
"1WP1",3,"D01W","pogr","N",82.17,2020,"D01W_pogr_can03_07232018"
"1WP1",2,"D01W","pogr","N",83.94,2020,"D01W_pogr_can02_07232018"
"1WP1",1,"D01W","pogr","N",78.13,2020,"D01W_pogr_can01_07232018"
"1WP2",1,"D01W","pogr","N",89.95,2020,"D01W_pogr_can04_07232018"
"1WP2",2,"D01W","pogr","N",87.77,2020,"D01W_pogr_can05_07232018"
"1WP2",3,"D01W","pogr","N",71.48,2020,"D01W_pogr_can06_07232018"
"1WP3",3,"D01W","pogr","N",76.7,2020,"D01W_pogr_can09_07232018"
"1WP3",2,"D01W","pogr","N",64.46,2020,"D01W_pogr_can08_07232018"
"1WP3",1,"D01W","pogr","N",80.16,2020,"D01W_pogr_can07_07232018"
"1WQ1",3,"D01W","quru","N",106.47,2020,"D01W_quru_can03_07232018"
"1WQ1",2,"D01W","quru","N",83.31,2020,"D01W_quru_can02_07232018"
"1WQ1",1,"D01W","quru","N",91.95,2020,"D01W_quru_can01_07232018"
"1WQ2",2,"D01W","quru","N",77.92,2020,"D01W_quru_can05_07232018"
"1WQ2",3,"D01W","quru","N",91.14,2020,"D01W_quru_can06_07232018"
"1WQ2",1,"D01W","quru","N",62.8,2020,"D01W_quru_can04_07232018"
"1WQ3",2,"D01W","quru","N",97.34,2020,"D01W_quru_can08_07232018"
"1WQ3",3,"D01W","quru","N",101.41,2020,"D01W_quru_can09_07232018"
"1WQ3",1,"D01W","quru","N",86.46,2020,"D01W_quru_can07_07232018"
"2EA1",1,"D02E","acru","N",63.35,2020,"D02E_acru_can01_07182018"
"2EA1",3,"D02E","acru","N",70.4,2020,"D02E_acru_can03_07182018"
"2EA1",4,"D02E","acru","N",51.6,2020,"D02E_acru_can04_07182018"
"2EA1",5,"D02E","acru","N",75.84,2020,"D02E_acru_can05_07182018"
"2EA2",2,"D02E","acru","N",86.8,2020,"D02E_acru_can07_07192018"
"2EA2",3,"D02E","acru","N",86.93,2020,"D02E_acru_can08_07192018"
"2EA2",1,"D02E","acru","N",69.58,2020,"D02E_acru_can06_07192018"
"2EA3",3,"D02E","acru","N",58.18,2020,"D02E_acru_can11_07192018"
"2EA3",2,"D02E","acru","N",70.5,2020,"D02E_acru_can10_07192018"
"2EP1",5,"D02E","pogr","N",90.86,2020,"D02E_pogr_can05_07182018"
"2EP1",4,"D02E","pogr","N",86.58,2020,"D02E_pogr_can04_07182018"
"2EP1",2,"D02E","pogr","N",90.44,2020,"D02E_pogr_can02_07182018"
"2EP2",3,"D02E","pogr","N",94.59,2020,"D02E_pogr_can08_07192018"
"2EP2",1,"D02E","pogr","N",78.32,2020,"D02E_pogr_can06_07192018"
"2EP2",2,"D02E","pogr","N",93.11,2020,"D02E_pogr_can07_07192018"
"2EP3",3,"D02E","pogr","N",84.94,2020,"D02E_pogr_can11_07192018"
"2EP3",2,"D02E","pogr","N",96.15,2020,"D02E_pogr_can10_07192018"
"2EP3",1,"D02E","pogr","N",82.09,2020,"D02E_pogr_can09_07192018"
"2EQ1",1,"D02E","quru","N",62.67,2020,"D02E_quru_can01_07182018"
"2EQ1",2,"D02E","quru","N",72.34,2020,"D02E_quru_can02_07182018"
"2EQ1",3,"D02E","quru","N",73.37,2020,"D02E_quru_can03_07182018"
"2EQ2",1,"D02E","quru","N",85.52,2020,"D02E_quru_can06_07182018"
"2EQ2",2,"D02E","quru","N",76.54,2020,"D02E_quru_can07_07182018"
"2EQ2",3,"D02E","quru","N",87.99,2020,"D02E_quru_can08_07182018"
"2EQ3",1,"D02E","quru","N",66.8,2020,"D02E_quru_can11_07192018"
"2EQ3",3,"D02E","quru","N",73.65,2020,"D02E_quru_can13_07192018"
"2EQ3",2,"D02E","quru","N",70.94,2020,"D02E_quru_can12_07192018"
"2WA1",1,"D02W","acru","N",86.22,2020,"D02W_acru_can01_07182018"
"2WA1",2,"D02W","acru","N",76.11,2020,"D02W_acru_can02_07182018"
"2WA1",3,"D02W","acru","N",73.49,2020,"D02W_acru_can03_07182018"
"2WA2",2,"D02W","acru","N",86.78,2020,"D02W_acru_can07_07182018"
"2WA2",3,"D02W","acru","N",77.04,2020,"D02W_acru_can08_07182018"
"2WA2",1,"D02W","acru","N",79.87,2020,"D02W_acru_can06_07182018"
"2WA3",1,"D02W","acru","N",82.73,2020,"D02W_acru_can11_07182018"
"2WA3",2,"D02W","acru","N",83.89,2020,"D02W_acru_can12_07182018"
"2WA3",3,"D02W","acru","N",77.53,2020,"D02W_acru_can13_07182018"
"2WP1",2,"D02W","pogr","N",107.79,2020,"D02W_pogr_can02_07172018"
"2WP1",1,"D02W","pogr","N",83.17,2020,"D02W_pogr_can01_07172018"
"2WP1",3,"D02W","pogr","N",84.25,2020,"D02W_pogr_can03_07172018"
"2WP2",2,"D02W","pogr","N",94.25,2020,"D02W_pogr_can07_07182018"
"2WP2",1,"D02W","pogr","N",102.66,2020,"D02W_pogr_can06_07182018"
"2WP2",3,"D02W","pogr","N",103.39,2020,"D02W_pogr_can08_07182018"
"2WP3",2,"D02W","pogr","Y",84.09,2020,"D02W_pogr_can12_07182018"
"2WP3",3,"D02W","pogr","Y",86.72,2020,"D02W_pogr_can13_07182018"
"2WP3",1,"D02W","pogr","Y",87.26,2020,"D02W_pogr_can11_07182018"
"2WQ1",1,"D02W","quru","N",90.72,2020,"D02W_quru_can01_07172018"
"2WQ1",2,"D02W","quru","N",98.04,2020,"D02W_quru_can02_07172018"
"2WQ1",3,"D02W","quru","N",110.1,2020,"D02W_quru_can03_07172018"
"2WQ2",1,"D02W","quru","N",96.13,2020,"D02W_quru_can06_07172018"
"2WQ2",2,"D02W","quru","N",101.13,2020,"D02W_quru_can07_07172018"
"2WQ2",3,"D02W","quru","N",97.55,2020,"D02W_quru_can08_07172018"
"2WQ3",2,"D02W","quru","N",66.66,2020,"D02W_quru_can12_07182018"
"2WQ3",1,"D02W","quru","N",75.6,2020,"D02W_quru_can11_07182018"
"2WQ3",3,"D02W","quru","N",88.56,2020,"D02W_quru_can13_07182018"
"3EA1",1,"D03E","acru","N",66.93,2020,"D03E_acru_can01_07202018"
"3EA1",2,"D03E","acru","N",77.05,2020,"D03E_acru_can02_07202018"
"3EA1",3,"D03E","acru","N",81.06,2020,"D03E_acru_can03_07202018"
"3EA2",1,"D03E","acru","N",77.12,2020,"D03E_acru_can04_07202018"
"3EA2",2,"D03E","acru","N",73.24,2020,"D03E_acru_can05_07202018"
"3EA2",3,"D03E","acru","N",58.98,2020,"D03E_acru_can06_07202018"
"3EA3",1,"D03E","acru","N",85.98,2020,"D03E_acru_can07_07202018"
"3EA3",2,"D03E","acru","N",100.39,2020,"D03E_acru_can08_07202018"
"3EA3",3,"D03E","acru","N",71.14,2020,"D03E_acru_can09_07202018"
"3EP1",1,"D03E","pogr","N",94.44,2020,"D03E_pogr_can01_07202018"
"3EP1",2,"D03E","pogr","N",92.19,2020,"D03E_pogr_can02_07202018"
"3EP1",3,"D03E","pogr","N",84.04,2020,"D03E_pogr_can03_07202018"
"3EP2",1,"D03E","pogr","N",73.73,2020,"D03E_pogr_can04_07202018"
"3EP2",2,"D03E","pogr","N",76.01,2020,"D03E_pogr_can05_07202018"
"3EP2",3,"D03E","pogr","N",82.07,2020,"D03E_pogr_can06_07202018"
"3EP3",1,"D03E","pogr","N",88.29,2020,"D03E_pogr_can07_07202018"
"3EP3",2,"D03E","pogr","N",102.3,2020,"D03E_pogr_can08_07202018"
"3EP3",3,"D03E","pogr","N",90.61,2020,"D03E_pogr_can09_07202018"
"3EQ1",1,"D03E","quru","N",83.6,2020,"D03E_quru_can01_07202018"
"3EQ1",2,"D03E","quru","N",74.88,2020,"D03E_quru_can02_07202018"
"3EQ1",3,"D03E","quru","N",67.25,2020,"D03E_quru_can03_07202018"
"3EQ2",1,"D03E","quru","N",86.26,2020,"D03E_quru_can04_07202018"
"3EQ2",3,"D03E","quru","N",98.84,2020,"D03E_quru_can06_07202018"
"3EQ2",2,"D03E","quru","N",101.2,2020,"D03E_quru_can05_07202018"
"3EQ3",1,"D03E","quru","N",79.12,2020,"D03E_quru_can07_07202018"
"3EQ3",3,"D03E","quru","N",71.41,2020,"D03E_quru_can10_07202018"
"3EQ3",2,"D03E","quru","N",74.22,2020,"D03E_quru_can09_07202018"
"3WA1",1,"D03W","acru","N",75.21,2020,"D03W_acru_can01_07222018"
"3WA1",2,"D03W","acru","N",70.73,2020,"D03W_acru_can02_07222018"
"3WA1",3,"D03W","acru","N",81.36,2020,"D03W_acru_can03_07222018"
"3WA2",1,"D03W","acru","N",81.53,2020,"D03W_acru_can04_07222018"
"3WA2",2,"D03W","acru","N",72.94,2020,"D03W_acru_can05_07222018"
"3WA2",3,"D03W","acru","N",69.5,2020,"D03W_acru_can06_07222018"
"3WA3",1,"D03W","acru","N",64.02,2020,"D03W_acru_can07_07222018"
"3WA3",2,"D03W","acru","N",78.96,2020,"D03W_acru_can08_07222018"
"3WA3",3,"D03W","acru","N",75.78,2020,"D03W_acru_can09_07222018"
"3WP1",3,"D03W","pogr","N",87,2020,"D03W_pogr_can03_07222018"
"3WP1",2,"D03W","pogr","N",79.82,2020,"D03W_pogr_can02_07222018"
"3WP1",1,"D03W","pogr","N",86.53,2020,"D03W_pogr_can01_07222018"
"3WP2",2,"D03W","pogr","N",75.57,2020,"D03W_pogr_can10_07222018"
"3WP2",3,"D03W","pogr","N",81.77,2020,"D03W_pogr_can06_07222018"
"3WP2",1,"D03W","pogr","N",87.42,2020,"D03W_pogr_can04_07222018"
"3WP3",1,"D03W","pogr","N",89.28,2020,"D03W_pogr_can07_07222018"
"3WP3",2,"D03W","pogr","N",91.21,2020,"D03W_pogr_can08_07222018"
"3WP3",3,"D03W","pogr","N",79.66,2020,"D03W_pogr_can09_07222018"
"3WQ1",3,"D03W","quru","N",85.72,2020,"D03W_quru_can03_07222018"
"3WQ1",1,"D03W","quru","N",82.3,2020,"D03W_quru_can01_07222018"
"3WQ1",2,"D03W","quru","N",96.68,2020,"D03W_quru_can02_07222018"
"3WQ2",1,"D03W","quru","N",95.74,2020,"D03W_quru_can04_07222018"
"3WQ2",2,"D03W","quru","N",93.98,2020,"D03W_quru_can05_07222018"
"3WQ2",3,"D03W","quru","N",94.83,2020,"D03W_quru_can06_07222018"
"3WQ3",2,"D03W","quru","N",98.38,2020,"D03W_quru_can08_07222018"
"3WQ3",1,"D03W","quru","N",83.04,2020,"D03W_quru_can07_07222018"
"3WQ3",3,"D03W","quru","N",83.4,2020,"D03W_quru_can09_07222018"
"4EA1",3,"D04E","acru","N",66.94,2020,"D04E_acru_can03_07192018"
"4EA1",2,"D04E","acru","N",85.58,2020,"D04E_acru_can02_07192018"
"4EA1",1,"D04E","acru","N",75.62,2020,"D04E_acru_can01_07192018"
"4EA2",1,"D04E","acru","N",76.45,2020,"D04E_acru_can04_07192018"
"4EA2",3,"D04E","acru","N",92.97,2020,"D04E_acru_can06_07192018"
"4EA2",2,"D04E","acru","N",82.23,2020,"D04E_acru_can05_07192018"
"4EA3",2,"D04E","acru","N",78.96,2020,"D04E_acru_can08_07192018"
"4EA3",1,"D04E","acru","N",67.05,2020,"D04E_acru_can07_07192018"
"4EA3",3,"D04E","acru","N",61.66,2020,"D04E_acru_can09_07192018"
"4EP1",3,"D04E","pogr","N",94.55,2020,"D04E_pogr_can03_07192018"
"4EP1",1,"D04E","pogr","N",102.14,2020,"D04E_pogr_can01_07192018"
"4EP1",2,"D04E","pogr","N",91.05,2020,"D04E_pogr_can02_07192018"
"4EP2",3,"D04E","pogr","N",102,2020,"D04E_pogr_can06_07192018"
"4EP2",1,"D04E","pogr","N",106.78,2020,"D04E_pogr_can04_07192018"
"4EP2",2,"D04E","pogr","N",85.69,2020,"D04E_pogr_can05_07192018"
"4EP3",3,"D04E","pogr","N",95.35,2020,"D04E_pogr_can09_07192018"
"4EP3",1,"D04E","pogr","N",94.03,2020,"D04E_pogr_can07_07192018"
"4EP3",2,"D04E","pogr","N",103.33,2020,"D04E_pogr_can08_07192018"
"4EQ1",3,"D04E","quru","N",95.14,2020,"D04E_quru_can03_07192018"
"4EQ1",2,"D04E","quru","N",83.64,2020,"D04E_quru_can02_07192018"
"4EQ1",1,"D04E","quru","N",78.96,2020,"D04E_quru_can01_07192018"
"4EQ2",1,"D04E","quru","N",114.99,2020,"D04E_quru_can04_07192018"
"4EQ2",2,"D04E","quru","N",107.41,2020,"D04E_quru_can05_07192018"
"4EQ2",3,"D04E","quru","N",109.08,2020,"D04E_quru_can06_07192018"
"4WA1",3,"D04W","acru","N",80.49,2020,"D04W_acru_can03_07202018"
"4WA1",1,"D04W","acru","N",95.12,2020,"D04W_acru_can01_07202018"
"4WA1",2,"D04W","acru","N",78.27,2020,"D04W_acru_can02_07202018"
"4WA2",1,"D04W","acru","N",76.59,2020,"D04W_acru_can04_07202018"
"4WA2",2,"D04W","acru","N",77.94,2020,"D04W_acru_can05_07202018"
"4WA2",3,"D04W","acru","N",76.13,2020,"D04W_acru_can06_07202018"
"4WA3",3,"D04W","acru","N",74.72,2020,"D04W_acru_can09_07202018"
"4WA3",1,"D04W","acru","N",74.17,2020,"D04W_acru_can07_07202018"
"4WA3",2,"D04W","acru","N",75.37,2020,"D04W_acru_can08_07202018"
"4WP1",3,"D04W","pogr","N",79.88,2020,"D04W_pogr_can03_07192018"
"4WP1",2,"D04W","pogr","N",79.9,2020,"D04W_pogr_can02_07192018"
"4WP1",1,"D04W","pogr","N",71.71,2020,"D04W_pogr_can01_07192018"
"4WP2",3,"D04W","pogr","N",94.75,2020,"D04W_pogr_can06_07192018"
"4WP2",2,"D04W","pogr","N",88.96,2020,"D04W_pogr_can05_07192018"
"4WP2",1,"D04W","pogr","N",86.53,2020,"D04W_pogr_can04_07192018"
"4WP3",3,"D04W","pogr","N",71.65,2020,"D04W_pogr_can09_07202018"
"4WP3",1,"D04W","pogr","N",69.86,2020,"D04W_pogr_can07_07202018"
"4WP3",2,"D04W","pogr","N",73.15,2020,"D04W_pogr_can08_07202018"
"4WQ1",3,"D04W","quru","N",116.05,2020,"D04W_quru_can03_07202018"
"4WQ1",2,"D04W","quru","N",86.35,2020,"D04W_quru_can02_07202018"
"4WQ1",1,"D04W","quru","N",77.68,2020,"D04W_quru_can01_07202018"
"4WQ2",3,"D04W","quru","N",90.26,2020,"D04W_quru_can06_07202018"
"4WQ2",2,"D04W","quru","N",80.96,2020,"D04W_quru_can05_07202018"
"4WQ2",1,"D04W","quru","N",90.59,2020,"D04W_quru_can04_07202018"
"4WQ3",2,"D04W","quru","N",79.42,2020,"D04W_quru_can08_07202018"
"4WQ3",1,"D04W","quru","N",89.34,2020,"D04W_quru_can07_07202018"
"4WQ3",3,"D04W","quru","N",96.07,2020,"D04W_quru_can09_07202018"
"4EA2",1,"D04E","acru","N",71.4162844,2021,"D04E_acru_can04_07192018"
"4EA2",2,"D04E","acru","N",73.13305937,2021,"D04E_acru_can05_07192018"
"4EA2",3,"D04E","acru","N",84.48148694,2021,"D04E_acru_can06_07192018"
"4EP1",1,"D04E","pogr","N",90.4966443,2021,"D04E_pogr_can01_07192018"
"4EP1",2,"D04E","pogr","N",86.36903348,2021,"D04E_pogr_can02_07192018"
"4EP1",3,"D04E","pogr","N",96.99499165,2021,"D04E_pogr_can03_07192018"
"4EA1",1,"D04E","acru","N",84.51113262,2021,"D04E_acru_can01_07192018"
"4EA1",2,"D04E","acru","N",74.59016393,2021,"D04E_acru_can02_07192018"
"4EA1",3,"D04E","acru","N",76.06117353,2021,"D04E_acru_can03_07192018"
"4EQ2",1,"D04E","quru","N",111.7567108,2021,"D04E_quru_can04_07192018"
"4EQ2",2,"D04E","quru","N",82.75915341,2021,"D04E_quru_can05_07192018"
"4EQ2",3,"D04E","quru","N",99.6510393,2021,"D04E_quru_can06_07192018"
"4EA3",1,"D04E","acru","N",60.71500301,2021,"D04E_acru_can07_07192018"
"4EA3",2,"D04E","acru","N",77.22304284,2021,"D04E_acru_can08_07192018"
"4EA3",3,"D04E","acru","N",77.27983325,2021,"D04E_acru_can09_07192018"
"4WP1",1,"D04W","pogr","N",71.67859984,2021,"D04W_pogr_can01_07192018"
"4WP1",2,"D04W","pogr","N",67.41477273,2021,"D04W_pogr_can02_07192018"
"4WP1",3,"D04W","pogr","N",66.85011331,2021,"D04W_pogr_can03_07192018"
"4WP3",1,"D04W","pogr","N",72.29752066,2021,"D04W_pogr_can07_07202018"
"4WP3",2,"D04W","pogr","N",68.11339689,2021,"D04W_pogr_can08_07202018"
"4WP3",3,"D04W","pogr","N",67.24414501,2021,"D04W_pogr_can09_07202018"
"4WP2",1,"D04W","pogr","N",83.17512275,2021,"D04W_pogr_can04_07192018"
"4WP2",2,"D04W","pogr","N",80.58432935,2021,"D04W_pogr_can05_07192018"
"4WP2",3,"D04W","pogr","N",89.23778172,2021,"D04W_pogr_can06_07192018"
"4WA1",1,"D04W","acru","N",92.92225201,2021,"D04W_acru_can01_07202018"
"4WA1",2,"D04W","acru","N",81.00072516,2021,"D04W_acru_can02_07202018"
"4WA1",3,"D04W","acru","N",90.54898649,2021,"D04W_acru_can03_07202018"
"4WQ2",1,"D04W","quru","N",87.51098097,2021,"D04W_quru_can04_07202018"
"4WQ2",2,"D04W","quru","N",92.39268603,2021,"D04W_quru_can05_07202018"
"4WQ2",3,"D04W","quru","N",87.10875824,2021,"D04W_quru_can06_07202018"
"4WQ1",1,"D04W","quru","N",88.37978271,2021,"D04W_quru_can01_07202018"
"4WQ1",2,"D04W","quru","N",76.08391608,2021,"D04W_quru_can02_07202018"
"4WQ1",3,"D04W","quru","N",111.5610245,2021,"D04W_quru_can03_07202018"
"4WA2",1,"D04W","acru","N",70.40725985,2021,"D04W_acru_can04_07202018"
"4WA2",2,"D04W","acru","N",72.57834758,2021,"D04W_acru_can05_07202018"
"4WA2",3,"D04W","acru","N",67.59284732,2021,"D04W_acru_can06_07202018"
"4WA3",1,"D04W","acru","N",79.12952281,2021,"D04W_acru_can07_07202018"
"4WA3",2,"D04W","acru","N",87.25814886,2021,"D04W_acru_can08_07202018"
"4WA3",3,"D04W","acru","N",77.45042493,2021,"D04W_acru_can09_07202018"
"4WQ3",1,"D04W","quru","N",79.8574285,2021,"D04W_quru_can07_07202018"
"4WQ3",2,"D04W","quru","N",76.50386313,2021,"D04W_quru_can08_07202018"
"4WQ3",3,"D04W","quru","N",60.99249856,2021,"D04W_quru_can09_07202018"
"2WA2",1,"D02W","acru","N",92.62643434,2021,"D02W_acru_can06_07182018"
"2WA2",2,"D02W","acru","N",82.07234244,2021,"D02W_acru_can07_07182018"
"2WA2",3,"D02W","acru","N",84.16606324,2021,"D02W_acru_can08_07182018"
"2WA3",1,"D02W","acru","N",74.5923913,2021,"D02W_acru_can11_07182018"
"2WA3",2,"D02W","acru","N",84.22262118,2021,"D02W_acru_can12_07182018"
"2WA3",3,"D02W","acru","N",79.26446128,2021,"D02W_acru_can13_07182018"
"2WP1",1,"D02W","pogr","N",81.62595698,2021,"D02W_pogr_can01_07172018"
"2WP1",2,"D02W","pogr","N",83.7944664,2021,"D02W_pogr_can02_07172018"
"2WP1",3,"D02W","pogr","N",77.52514211,2021,"D02W_pogr_can03_07172018"
"2EQ1",1,"D02E","quru","N",82.99495112,2021,"D02E_quru_can01_07182018"
"2EQ1",2,"D02E","quru","N",53.65699208,2021,"D02E_quru_can02_07182018"
"2EQ1",3,"D02E","quru","N",77.8302473,2021,"D02E_quru_can03_07182018"
"2WQ2",1,"D02W","quru","N",93.23707087,2021,"D02W_quru_can06_07172018"
"2WQ2",2,"D02W","quru","N",125.7459,2021,"D02W_quru_can07_07172018"
"2WQ2",3,"D02W","quru","N",106.2611488,2021,"D02W_quru_can08_07172018"
"2EA1",1,"D02E","acru","N",72.53320683,2021,"D02E_acru_can01_07182018"
"2EA1",3,"D02E","acru","N",62.60127315,2021,"D02E_acru_can03_07182018"
"2EA1",4,"D02E","acru","N",56.07625099,2021,"D02E_acru_can04_07182018"
"2EQ2",1,"D02E","quru","N",92.03742476,2021,"D02E_quru_can06_07182018"
"2EQ2",2,"D02E","quru","N",77.38600701,2021,"D02E_quru_can07_07182018"
"2EQ2",3,"D02E","quru","N",85.68376068,2021,"D02E_quru_can08_07182018"
"2EP1",2,"D02E","pogr","N",80.72987063,2021,"D02E_pogr_can02_07182018"
"2EP1",4,"D02E","pogr","N",74.37208269,2021,"D02E_pogr_can04_07182018"
"2EP1",5,"D02E","pogr","N",86.32478632,2021,"D02E_pogr_can05_07182018"
"2EQ3",1,"D02E","quru","N",67.09086281,2021,"D02E_quru_can11_07192018"
"2EQ3",2,"D02E","quru","N",68.35012058,2021,"D02E_quru_can12_07192018"
"2EQ3",3,"D02E","quru","N",65.5049907,2021,"D02E_quru_can13_07192018"
"2EA2",1,"D02E","acru","N",71.02908277,2021,"D02E_acru_can06_07192018"
"2EA2",2,"D02E","acru","N",84.00267738,2021,"D02E_acru_can07_07192018"
"2EA2",3,"D02E","acru","N",85.47849548,2021,"D02E_acru_can08_07192018"
"2EA3",1,"D02E","acru","N",62.5647437,2021,"D02E_acru_can09_07192018"
"2EA3",2,"D02E","acru","N",72.16403925,2021,"D02E_acru_can10_07192018"
"2EA3",3,"D02E","acru","N",60.22614841,2021,"D02E_acru_can11_07192018"
"4EQ1",1,"D04E","quru","N",81.06936416,2021,"D04E_quru_can01_07192018"
"4EQ1",2,"D04E","quru","N",78.2400638,2021,"D04E_quru_can02_07192018"
"4EQ1",3,"D04E","quru","N",92.87136104,2021,"D04E_quru_can03_07192018"
"2EP2",1,"D02E","pogr","N",77.68208201,2021,"D02E_pogr_can06_07192018"
"2EP2",2,"D02E","pogr","N",77.90726506,2021,"D02E_pogr_can07_07192018"
"2EP2",3,"D02E","pogr","N",75.58696148,2021,"D02E_pogr_can08_07192018"
"2EP3",1,"D02E","pogr","N",73.9764442,2021,"D02E_pogr_can09_07192018"
"2EP3",2,"D02E","pogr","N",86.85189779,2021,"D02E_pogr_can10_07192018"
"2EP3",3,"D02E","pogr","N",71.28139086,2021,"D02E_pogr_can11_07192018"
"4EP2",1,"D04E","pogr","N",91.65289256,2021,"D04E_pogr_can04_07192018"
"4EP2",2,"D04E","pogr","N",94.55485979,2021,"D04E_pogr_can05_07192018"
"4EP2",3,"D04E","pogr","N",69.81622054,2021,"D04E_pogr_can06_07192018"
"4EP3",1,"D04E","pogr","N",82.40387064,2021,"D04E_pogr_can07_07192018"
"4EP3",2,"D04E","pogr","N",79.08496732,2021,"D04E_pogr_can08_07192018"
"4EP3",3,"D04E","pogr","N",81.81396428,2021,"D04E_pogr_can09_07192018"
"2WP2",1,"D02W","pogr","N",95.00731529,2021,"D02W_pogr_can06_07182018"
"2WP2",2,"D02W","pogr","N",95.94665272,2021,"D02W_pogr_can07_07182018"
"2WP2",3,"D02W","pogr","N",92.89561426,2021,"D02W_pogr_can08_07182018"
"2WQ3",1,"D02W","quru","N",89.74612269,2021,"D02W_quru_can11_07182018"
"2WQ3",2,"D02W","quru","N",72.91841884,2021,"D02W_quru_can12_07182018"
"2WQ3",3,"D02W","quru","N",96.01272931,2021,"D02W_quru_can13_07182018"
"2WA1",1,"D02W","acru","N",65.26737502,2021,"D02W_acru_can01_07182018"
"2WA1",2,"D02W","acru","N",68.29900619,2021,"D02W_acru_can02_07182018"
"2WA1",3,"D02W","acru","N",71.30044843,2021,"D02W_acru_can03_07182018"
"2WQ1",1,"D02W","quru","N",85.31240286,2021,"D02W_quru_can01_07172018"
"2WQ1",2,"D02W","quru","N",90.11436325,2021,"D02W_quru_can02_07172018"
"2WQ1",3,"D02W","quru","N",102.5562762,2021,"D02W_quru_can03_07172018"
"1WP3",1,"D01W","pogr","N",78.40473703,2021,"D01W_pogr_can07_07232018"
"1WP3",2,"D01W","pogr","N",67.43367623,2021,"D01W_pogr_can08_07232018"
"1WP3",3,"D01W","pogr","N",54.64018235,2021,"D01W_pogr_can09_07232018"
"1WP1",1,"D01W","pogr","N",61.48273364,2021,"D01W_pogr_can01_07232018"
"1WP1",2,"D01W","pogr","N",70.312957,2021,"D01W_pogr_can02_07232018"
"1WP1",3,"D01W","pogr","N",68.01494834,2021,"D01W_pogr_can03_07232018"
"1WP2",1,"D01W","pogr","N",62.810908,2021,"D01W_pogr_can04_07232018"
"1WP2",2,"D01W","pogr","N",69.55958549,2021,"D01W_pogr_can05_07232018"
"1WP2",3,"D01W","pogr","N",59.27740355,2021,"D01W_pogr_can06_07232018"
"1WA2",1,"D01W","acru","N",79.26117952,2021,"D01W_acru_can04_07232018"
"1WA2",2,"D01W","acru","N",70.03068531,2021,"D01W_acru_can05_07232018"
"1WA2",3,"D01W","acru","N",99.76296296,2021,"D01W_acru_can06_07232018"
"1WA3",1,"D01W","acru","N",85.1037851,2021,"D01W_acru_can07_07232018"
"1WA3",2,"D01W","acru","N",73.98143779,2021,"D01W_acru_can08_07232018"
"1WA3",3,"D01W","acru","N",161.1391279,2021,"D01W_acru_can09_07232018"
"1EA3",1,"D01E","acru","N",75.74008107,2021,"D01E_acru_can07_07222018"
"1EA3",2,"D01E","acru","N",87.33615648,2021,"D01E_acru_can08_07222018"
"1EA3",3,"D01E","acru","N",83.97879546,2021,"D01E_acru_can09_07222018"
"1WA1",1,"D01W","acru","N",65.48425668,2021,"D01W_acru_can01_07232018"
"1WA1",2,"D01W","acru","N",78.99562409,2021,"D01W_acru_can02_07232018"
"1WA1",3,"D01W","acru","N",69.88892225,2021,"D01W_acru_can03_07232018"
"1EP3",1,"D01E","pogr","N",65.97577389,2021,"D01E_pogr_can07_07222018"
"1EP3",2,"D01E","pogr","N",60.40363843,2021,"D01E_pogr_can08_07222018"
"1EP3",3,"D01E","pogr","N",76.4894932,2021,"D01E_pogr_can09_07222018"
"1EQ3",1,"D01E","quru","N",74.18866887,2021,"D01E_quru_can07_07222018"
"1EQ3",2,"D01E","quru","N",80.59252898,2021,"D01E_quru_can08_07222018"
"1EQ3",3,"D01E","quru","N",116.025641,2021,"D01E_quru_can09_07222018"
"1WQ2",1,"D01W","quru","N",74.92526431,2021,"D01W_quru_can04_07232018"
"1WQ2",2,"D01W","quru","N",60.87308003,2021,"D01W_quru_can05_07232018"
"1WQ2",3,"D01W","quru","N",102.8262979,2021,"D01W_quru_can06_07232018"
"1EP2",1,"D01E","pogr","N",73.14037627,2021,"D01E_pogr_can04_07222018"
"1EP2",2,"D01E","pogr","N",80.06307727,2021,"D01E_pogr_can05_07222018"
"1EP2",3,"D01E","pogr","N",80.04750594,2021,"D01E_pogr_can06_07222018"
"1EA1",1,"D01E","acru","N",64.89581378,2021,"D01E_acru_can01_07222018"
"1EA1",2,"D01E","acru","N",80.15602145,2021,"D01E_acru_can02_07222018"
"1EA1",3,"D01E","acru","N",54.58859053,2021,"D01E_acru_can03_07222018"
"1EP1",1,"D01E","pogr","N",93.00544245,2021,"D01E_pogr_can01_07222018"
"1EP1",2,"D01E","pogr","N",82.2227568,2021,"D01E_pogr_can02_07222018"
"1EP1",3,"D01E","pogr","N",100.2235636,2021,"D01E_pogr_can03_07222018"
"1EA2",1,"D01E","acru","N",69.00434075,2021,"D01E_acru_can04_07222018"
"1EA2",2,"D01E","acru","N",68.26311606,2021,"D01E_acru_can05_07222018"
"1EA2",3,"D01E","acru","N",69.42494399,2021,"D01E_acru_can06_07222018"
"1EQ2",1,"D01E","quru","N",71.97975361,2021,"D01E_quru_can04_07222018"
"1EQ2",2,"D01E","quru","N",93.82654336,2021,"D01E_quru_can05_07222018"
"1EQ2",3,"D01E","quru","N",79.46805304,2021,"D01E_quru_can06_07222018"
"1EQ1",1,"D01E","quru","N",81.12672584,2021,"D01E_quru_can01_07222018"
"1EQ1",2,"D01E","quru","N",97.8949751,2021,"D01E_quru_can02_07222018"
"1EQ1",3,"D01E","quru","N",74.70421596,2021,"D01E_quru_can03_07222018"
"1WQ1",1,"D01W","quru","N",74.96590392,2021,"D01W_quru_can01_07232018"
"1WQ1",2,"D01W","quru","N",74.76667232,2021,"D01W_quru_can02_07232018"
"1WQ1",3,"D01W","quru","N",71.2770354,2021,"D01W_quru_can03_07232018"
"1WQ3",1,"D01W","quru","N",97.71015988,2021,"D01W_quru_can07_07232018"
"1WQ3",2,"D01W","quru","N",84.64035784,2021,"D01W_quru_can08_07232018"
"1WQ3",3,"D01W","quru","N",83.94024875,2021,"D01W_quru_can09_07232018"
"3EA1",1,"D03E","acru","N",87.39244295,2021,"D03E_acru_can01_07202018"
"3EA1",2,"D03E","acru","N",80.02939941,2021,"D03E_acru_can02_07202018"
"3EA1",3,"D03E","acru","N",92.47679531,2021,"D03E_acru_can03_07202018"
"3EP1",1,"D03E","pogr","N",90.72832887,2021,"D03E_pogr_can01_07202018"
"3EP1",2,"D03E","pogr","N",82.33816964,2021,"D03E_pogr_can02_07202018"
"3EP1",3,"D03E","pogr","N",94.73284376,2021,"D03E_pogr_can03_07202018"
"3EP2",1,"D03E","pogr","N",95.10997643,2021,"D03E_pogr_can04_07202018"
"3EP2",2,"D03E","pogr","N",75.491369,2021,"D03E_pogr_can05_07202018"
"3EP2",3,"D03E","pogr","N",84.69366986,2021,"D03E_pogr_can06_07202018"
"3EP3",1,"D03E","pogr","N",92.63334131,2021,"D03E_pogr_can07_07202018"
"3EP3",2,"D03E","pogr","N",97.74836714,2021,"D03E_pogr_can08_07202018"
"3EP3",3,"D03E","pogr","N",80.98921229,2021,"D03E_pogr_can09_07202018"
"3EQ2",1,"D03E","quru","N",92.53063606,2021,"D03E_quru_can04_07202018"
"3EQ2",2,"D03E","quru","N",108.6701161,2021,"D03E_quru_can05_07202018"
"3EQ2",3,"D03E","quru","N",108.8864509,2021,"D03E_quru_can06_07202018"
"3EA3",1,"D03E","acru","N",89.39020092,2021,"D03E_acru_can07_07202018"
"3EA3",2,"D03E","acru","N",86.39712181,2021,"D03E_acru_can08_07202018"
"3EA3",3,"D03E","acru","N",90.69539667,2021,"D03E_acru_can09_07202018"
"3EQ3",1,"D03E","quru","N",78.06701745,2021,"D03E_quru_can07_07202018"
"3EQ3",2,"D03E","quru","N",80.28348328,2021,"D03E_quru_can09_07202018"
"3EQ3",3,"D03E","quru","N",75.48575991,2021,"D03E_quru_can10_07202018"
"3WQ1",1,"D03W","quru","N",81.36392206,2021,"D03W_quru_can01_07222018"
"3WQ1",2,"D03W","quru","N",79.42375264,2021,"D03W_quru_can02_07222018"
"3WQ1",3,"D03W","quru","N",93.92653061,2021,"D03W_quru_can03_07222018"
"3WQ2",1,"D03W","quru","N",103.1034837,2021,"D03W_quru_can04_07222018"
"3WQ2",2,"D03W","quru","N",98.86151232,2021,"D03W_quru_can05_07222018"
"3WQ2",3,"D03W","quru","N",109.0066656,2021,"D03W_quru_can06_07222018"
"3WA1",1,"D03W","acru","N",120.5843643,2021,"D03W_acru_can01_07222018"
"3WA1",2,"D03W","acru","N",71.75463623,2021,"D03W_acru_can02_07222018"
"3WA1",3,"D03W","acru","N",74.66968667,2021,"D03W_acru_can03_07222018"
"3EA2",1,"D03E","acru","N",58.4040747,2021,"D03E_acru_can04_07202018"
"3EA2",2,"D03E","acru","N",69.56260032,2021,"D03E_acru_can05_07202018"
"3EA2",3,"D03E","acru","N",60.33545582,2021,"D03E_acru_can06_07202018"
"3EQ1",1,"D03E","quru","N",98.38540888,2021,"D03E_quru_can01_07202018"
"3EQ1",2,"D03E","quru","N",69.0179179,2021,"D03E_quru_can02_07202018"
"3EQ1",3,"D03E","quru","N",84.53597275,2021,"D03E_quru_can03_07202018"
"3WQ3",1,"D03W","quru","N",81.52142233,2021,"D03W_quru_can07_07222018"
"3WQ3",2,"D03W","quru","N",103.7003302,2021,"D03W_quru_can08_07222018"
"3WQ3",3,"D03W","quru","N",91.47944044,2021,"D03W_quru_can09_07222018"
"3WA2",1,"D03W","acru","N",96.01817788,2021,"D03W_acru_can04_07222018"
"3WA2",2,"D03W","acru","N",94.53561767,2021,"D03W_acru_can05_07222018"
"3WA2",3,"D03W","acru","N",46.65587246,2021,"D03W_acru_can06_07222018"
"3WA3",1,"D03W","acru","N",79.646826,2021,"D03W_acru_can07_07222018"
"3WA3",2,"D03W","acru","N",72.11792314,2021,"D03W_acru_can08_07222018"
"3WA3",3,"D03W","acru","N",143.587149,2021,"D03W_acru_can09_07222018"
"3WP2",1,"D03W","pogr","N",51.11388344,2021,"D03W_pogr_can04_07222018"
"3WP2",2,"D03W","pogr","N",75.62677131,2021,"D03W_pogr_can10_07222018"
"3WP2",3,"D03W","pogr","N",82.22596448,2021,"D03W_pogr_can06_07222018"
"3WP1",1,"D03W","pogr","N",81.18859334,2021,"D03W_pogr_can01_07222018"
"3WP1",2,"D03W","pogr","N",81.06958371,2021,"D03W_pogr_can02_07222018"
"3WP1",3,"D03W","pogr","N",76.8541005,2021,"D03W_pogr_can03_07222018"
"3WP3",1,"D03W","pogr","N",85.94664932,2021,"D03W_pogr_can07_07222018"
"3WP3",2,"D03W","pogr","N",88.07717321,2021,"D03W_pogr_can08_07222018"
"3WP3",3,"D03W","pogr","N",83.98238294,2021,"D03W_pogr_can09_07222018"
